City_ID,City,Lat,Lng,Max Temp,Humidity,Cloudiness,Wind Speed,Country,Date
0,Gweru,-19.45,29.82,66.72,45,0,11.63,ZW,2020-10-16 19:38:40
1,Micheweni,-4.97,39.83,77.92,81,30,11.54,TZ,2020-10-16 19:38:40
2,Kahului,20.89,-156.47,84.2,58,20,5.82,US,2020-10-16 19:36:04
3,Rikitea,-23.12,-134.97,73.74,81,100,21.81,PF,2020-10-16 19:35:07
4,Narodychi,51.2,29.08,49.89,78,99,4.34,UA,2020-10-16 19:38:40
5,Xuddur,4.12,43.89,74.52,79,12,18.7,SO,2020-10-16 19:38:40
6,Baykit,61.67,96.37,27.41,94,100,6.4,RU,2020-10-16 19:38:41
7,Manicore,-5.81,-61.3,92.79,42,67,1.74,BR,2020-10-16 19:38:41
8,Asau,46.43,26.4,54.0,98,100,1.99,RO,2020-10-16 19:38:41
9,Hervey Bay,-25.3,152.85,61.0,93,66,8.05,AU,2020-10-16 19:34:05
10,Ponta Do Sol,32.67,-17.1,68.0,68,40,5.82,PT,2020-10-16 19:38:41
11,Yellowknife,62.46,-114.35,26.6,73,90,18.34,CA,2020-10-16 19:36:48
12,East London,-33.02,27.91,64.4,88,75,17.22,ZA,2020-10-16 19:38:41
13,Port Hedland,-20.32,118.57,69.8,64,0,10.29,AU,2020-10-16 19:38:42
14,Sokoni,-6.43,39.55,78.8,83,40,11.41,TZ,2020-10-16 19:38:42
15,Bluff,-46.6,168.33,44.01,87,55,3.0,NZ,2020-10-16 19:38:42
16,Turukhansk,65.82,87.98,28.17,99,100,10.02,RU,2020-10-16 19:38:42
17,Port Alfred,-33.59,26.89,67.12,77,32,25.68,ZA,2020-10-16 19:38:42
18,Grootfontein,-19.57,18.12,71.11,20,87,9.42,NA,2020-10-16 19:38:42
19,Vaini,-21.2,-175.2,75.2,94,90,10.29,TO,2020-10-16 19:38:42
20,Upernavik,72.79,-56.15,36.19,77,100,9.73,GL,2020-10-16 19:38:42
21,Caravelas,-17.71,-39.25,73.56,90,100,11.03,BR,2020-10-16 19:38:43
22,Mackay,-21.15,149.2,60.8,87,40,6.93,AU,2020-10-16 19:38:43
23,Ushuaia,-54.8,-68.3,46.4,52,75,19.46,AR,2020-10-16 19:38:43
24,Avera,33.19,-82.53,78.8,54,40,10.29,US,2020-10-16 19:38:43
25,Mahebourg,-20.41,57.7,69.8,88,20,4.7,MU,2020-10-16 19:38:43
26,Butaritari,3.07,172.79,81.37,76,0,14.27,KI,2020-10-16 19:38:43
27,Albany,42.6,-73.97,50.0,77,100,4.45,US,2020-10-16 19:36:19
28,Tautira,-17.73,-149.15,77.0,88,90,11.41,PF,2020-10-16 19:38:44
29,Kiama,-34.68,150.87,60.01,85,100,7.0,AU,2020-10-16 19:38:44
30,Poum,-20.23,164.02,72.61,78,2,10.02,NC,2020-10-16 19:38:44
31,Hilo,19.73,-155.09,80.6,69,40,5.82,US,2020-10-16 19:36:28
32,Puerto Ayora,-0.74,-90.35,78.8,65,20,16.11,EC,2020-10-16 19:38:44
33,Pontian Kecil,1.48,103.39,80.01,83,20,5.3,MY,2020-10-16 19:38:44
34,Cape Town,-33.93,18.42,64.0,67,0,4.7,ZA,2020-10-16 19:34:54
35,Kapaa,22.08,-159.32,81.0,88,40,6.93,US,2020-10-16 19:37:48
36,Alta Floresta,-9.88,-56.09,95.22,30,50,3.69,BR,2020-10-16 19:38:45
37,Kenai,60.55,-151.26,36.0,75,1,5.82,US,2020-10-16 19:38:45
38,Katsuura,35.13,140.3,60.8,72,75,11.41,JP,2020-10-16 19:38:45
39,Nikolskoye,59.7,30.79,41.0,65,90,6.71,RU,2020-10-16 19:38:45
40,Arraial Do Cabo,-22.97,-42.03,71.6,73,90,10.29,BR,2020-10-16 19:38:45
41,Mount Gambier,-37.83,140.77,53.6,87,90,9.17,AU,2020-10-16 19:38:45
42,Srednekolymsk,67.45,153.68,26.51,98,82,11.36,RU,2020-10-16 19:38:45
43,Nome,64.5,-165.41,39.2,86,90,32.21,US,2020-10-16 19:38:46
44,Punta Arenas,-53.15,-70.92,41.0,86,90,10.29,CL,2020-10-16 19:38:46
45,Arman,59.7,150.17,29.17,86,18,5.32,RU,2020-10-16 19:38:46
46,Sao Luiz Gonzaga,-28.41,-54.96,83.46,47,68,11.59,BR,2020-10-16 19:39:51
47,Conway,35.09,-92.44,66.2,20,1,3.36,US,2020-10-16 19:36:10
48,Hermanus,-34.42,19.23,59.0,88,0,6.13,ZA,2020-10-16 19:39:51
49,Georgetown,5.41,100.34,78.8,94,20,2.24,MY,2020-10-16 19:39:52
50,Tevaitoa,-16.78,-151.5,79.41,78,98,11.41,PF,2020-10-16 19:39:52
51,Pisco,-13.7,-76.22,75.2,53,6,8.05,PE,2020-10-16 19:39:52
52,Alofi,-19.06,-169.92,77.04,83,100,19.6,NU,2020-10-16 19:35:55
53,Tiksi,71.69,128.87,22.95,98,100,7.47,RU,2020-10-16 19:39:52
54,Nokha,27.6,73.42,79.56,16,0,8.75,IN,2020-10-16 19:39:52
55,Kijang,35.24,129.21,55.4,71,0,3.36,KR,2020-10-16 19:39:52
56,Dogondoutchi,13.64,4.03,95.77,24,39,3.98,NE,2020-10-16 19:39:53
57,Vila Velha,-20.33,-40.29,69.8,88,75,11.41,BR,2020-10-16 19:37:09
58,Atuona,-9.8,-139.03,78.78,74,0,20.47,PF,2020-10-16 19:39:53
59,Beringovskiy,63.05,179.32,39.27,86,32,10.65,RU,2020-10-16 19:37:30
60,Barrow,71.29,-156.79,15.8,72,1,24.16,US,2020-10-16 19:39:53
61,Bathsheba,13.22,-59.52,87.8,66,40,13.87,BB,2020-10-16 19:39:53
62,Pevek,69.7,170.31,35.73,86,14,12.57,RU,2020-10-16 19:39:53
63,Thabazimbi,-24.59,27.41,80.01,44,0,1.99,ZA,2020-10-16 19:39:53
64,Chokurdakh,70.63,147.92,33.04,99,100,7.63,RU,2020-10-16 19:39:54
65,Lufilufi,-13.87,-171.6,78.8,100,90,4.7,WS,2020-10-16 19:39:54
66,Yashkul,46.17,45.34,61.79,68,55,5.03,RU,2020-10-16 19:39:54
67,Provideniya,64.38,-173.3,39.99,95,98,11.7,RU,2020-10-16 19:39:54
68,Qaanaaq,77.48,-69.36,28.51,85,100,7.07,GL,2020-10-16 19:39:54
69,Thompson,55.74,-97.86,30.2,80,75,13.87,CA,2020-10-16 19:39:54
70,Deputatskiy,69.3,139.9,13.35,97,100,8.68,RU,2020-10-16 19:36:58
71,Souillac,-20.52,57.52,69.8,88,20,4.7,MU,2020-10-16 19:39:55
72,Johnson City,36.31,-82.35,60.01,54,75,4.7,US,2020-10-16 19:39:44
73,Geraldton,-28.77,114.6,59.0,77,90,10.29,AU,2020-10-16 19:39:55
74,Harer,9.31,42.13,57.97,65,2,0.43,ET,2020-10-16 19:39:55
75,Carnarvon,-24.87,113.63,68.0,88,0,19.46,AU,2020-10-16 19:39:55
76,Victoria,22.29,114.16,77.0,74,40,1.01,HK,2020-10-16 19:35:16
77,Yarmouth,41.71,-70.23,70.0,77,90,10.29,US,2020-10-16 19:36:51
78,Kodiak,57.79,-152.41,39.2,69,1,6.93,US,2020-10-16 19:39:55
79,Wanaka,-44.7,169.15,44.01,74,100,4.94,NZ,2020-10-16 19:39:56
80,Busselton,-33.65,115.33,51.01,69,0,10.0,AU,2020-10-16 19:39:56
81,Kuala Pilah,2.74,102.25,78.01,94,20,1.12,MY,2020-10-16 19:39:56
82,Bredasdorp,-34.53,20.04,59.0,87,0,1.83,ZA,2020-10-16 19:39:56
83,Marystown,47.17,-55.15,57.0,100,68,1.99,CA,2020-10-16 19:36:10
84,Yulara,-25.24,130.99,77.0,31,0,10.29,AU,2020-10-16 19:39:56
85,Palana,59.12,159.97,31.68,96,93,16.26,RU,2020-10-16 19:39:56
86,Klaksvik,62.23,-6.59,42.8,93,100,6.93,FO,2020-10-16 19:39:57
87,Kavieng,-2.57,150.8,81.64,74,97,11.99,PG,2020-10-16 19:39:57
88,Jalu,29.03,21.55,83.1,20,9,10.22,LY,2020-10-16 19:39:57
89,Bengkulu,-3.8,102.27,75.33,89,55,3.4,ID,2020-10-16 19:39:57
90,Douglas,41.3,-96.17,57.0,30,1,8.05,US,2020-10-16 19:36:27
91,Cherskiy,68.75,161.3,25.54,96,86,4.16,RU,2020-10-16 19:39:57
92,Nouadhibou,20.93,-17.03,80.6,51,4,16.11,MR,2020-10-16 19:39:58
93,Maracas,-13.44,-40.43,82.67,35,4,9.15,BR,2020-10-16 19:41:03
94,Port Lincoln,-34.73,135.87,53.58,74,100,13.33,AU,2020-10-16 19:41:03
95,Okhotsk,59.38,143.3,25.0,85,2,10.16,RU,2020-10-16 19:41:03
96,Cortez,37.35,-108.59,66.0,17,1,10.29,US,2020-10-16 19:41:03
97,Sitka,57.05,-135.33,50.0,66,75,4.7,US,2020-10-16 19:37:48
98,Zhanaozen,43.3,52.8,54.95,36,0,10.2,KZ,2020-10-16 19:37:34
99,Torbay,47.67,-52.73,59.0,87,90,5.82,CA,2020-10-16 19:41:04
100,Lavrentiya,65.58,-171.0,39.76,92,100,29.1,RU,2020-10-16 19:41:04
101,Port Hardy,50.7,-127.42,57.2,93,90,12.75,CA,2020-10-16 19:41:04
102,Severo-Kurilsk,50.68,156.12,41.23,75,76,18.34,RU,2020-10-16 19:41:04
103,Mar Del Plata,-38.0,-57.56,66.2,77,0,14.99,AR,2020-10-16 19:41:04
104,Castro,-24.79,-50.01,67.39,65,89,8.55,BR,2020-10-16 19:41:04
105,Senneterre,48.38,-77.23,42.8,48,75,3.36,CA,2020-10-16 19:36:45
106,Xining,36.62,101.77,36.86,75,27,1.63,CN,2020-10-16 19:41:05
107,Jamestown,42.1,-79.24,48.99,45,20,13.87,US,2020-10-16 19:41:05
108,Bosaso,11.28,49.18,81.95,47,0,5.23,SO,2020-10-16 19:41:05
109,Nanortalik,60.14,-45.24,40.51,81,80,11.43,GL,2020-10-16 19:41:05
110,Saldanha,-33.01,17.94,60.8,82,0,6.93,ZA,2020-10-16 19:41:05
111,Norman Wells,65.28,-126.83,19.4,79,90,14.99,CA,2020-10-16 19:41:06
112,Mataura,-46.19,168.86,44.01,87,84,3.0,NZ,2020-10-16 19:39:02
113,Mujiayingzi,42.12,118.78,41.34,59,0,9.8,CN,2020-10-16 19:41:06
114,Fairbanks,64.84,-147.72,16.0,84,1,8.05,US,2020-10-16 19:38:01
115,Bobo Dioulasso,11.18,-4.3,84.2,70,20,3.36,BF,2020-10-16 19:37:01
116,Chiang Klang,19.29,100.86,73.56,78,94,3.44,TH,2020-10-16 19:41:06
117,Clyde River,70.47,-68.59,33.8,100,90,5.82,CA,2020-10-16 19:39:45
118,Walvis Bay,-22.96,14.51,59.0,82,5,2.24,NA,2020-10-16 19:40:39
119,Hovd,48.01,91.64,32.95,79,0,0.96,MN,2020-10-16 19:41:07
120,New Norfolk,-42.78,147.06,39.99,70,100,2.15,AU,2020-10-16 19:41:07
121,Saint-Francois,46.42,3.91,48.99,93,90,4.7,FR,2020-10-16 19:41:07
122,Codrington,-38.27,141.97,54.61,95,100,11.54,AU,2020-10-16 19:41:07
123,Sao Filipe,14.9,-24.5,80.65,77,100,4.56,CV,2020-10-16 19:41:07
124,Whitianga,-36.83,175.7,53.01,93,0,1.01,NZ,2020-10-16 19:37:41
125,Port Augusta,-32.5,137.77,57.2,93,90,11.41,AU,2020-10-16 19:41:08
126,Yarada,17.65,83.27,78.8,100,75,4.7,IN,2020-10-16 19:41:08
127,Tasiilaq,65.61,-37.64,37.4,100,90,3.36,GL,2020-10-16 19:41:08
128,Deder,9.32,41.45,57.67,51,0,2.95,ET,2020-10-16 19:41:08
129,Kushima,31.46,131.23,61.39,89,100,5.7,JP,2020-10-16 19:41:08
130,Botelhos,-21.63,-46.4,68.34,81,100,4.18,BR,2020-10-16 19:41:08
131,Tigzirt,36.89,4.12,63.36,54,0,4.36,DZ,2020-10-16 19:41:08
132,Cabatuan,10.88,122.49,75.33,88,100,2.13,PH,2020-10-16 19:41:09
133,Beloha,-25.17,45.05,68.5,76,100,14.92,MG,2020-10-16 19:41:09
134,Chicama,-7.84,-79.15,64.4,82,20,14.99,PE,2020-10-16 19:41:09
135,Sucila,21.15,-88.32,84.24,78,34,8.61,MX,2020-10-16 19:41:09
136,Te Anau,-45.42,167.72,39.85,89,99,2.91,NZ,2020-10-16 19:39:25
137,Aykhal,66.0,111.5,10.4,92,0,4.47,RU,2020-10-16 19:41:09
138,Mackenzie,55.3,-123.17,35.6,64,90,9.17,CA,2020-10-16 19:42:14
139,Dikson,73.51,80.55,25.3,95,100,11.45,RU,2020-10-16 19:39:30
140,Pesochnoye,58.01,39.18,35.8,87,44,4.32,RU,2020-10-16 19:42:15
141,Constanta,44.18,28.65,66.2,88,20,6.93,RO,2020-10-16 19:42:15
142,Hobart,-42.88,147.33,41.0,86,75,2.24,AU,2020-10-16 19:38:56
143,Omboue,-1.57,9.26,75.79,84,99,8.34,GA,2020-10-16 19:42:15
144,Craig,40.52,-107.55,53.6,20,1,14.65,US,2020-10-16 19:39:29
145,Hope,33.67,-93.59,68.0,26,1,10.29,US,2020-10-16 19:39:17
146,Changji,44.02,87.32,46.4,45,0,2.24,CN,2020-10-16 19:42:16
147,Ponta Delgada,37.73,-25.67,66.2,88,75,10.29,PT,2020-10-16 19:42:16
148,Viedma,-40.81,-63.0,89.01,26,0,7.0,AR,2020-10-16 19:42:16
149,Longyearbyen,78.22,15.64,26.6,58,75,13.87,SJ,2020-10-16 19:42:16
150,Banda Aceh,5.56,95.32,81.34,70,100,13.44,ID,2020-10-16 19:40:59
151,Puerto Escondido,15.85,-97.07,86.0,62,40,8.05,MX,2020-10-16 19:42:02
152,Sola,-13.88,167.55,79.02,83,0,16.82,VU,2020-10-16 19:42:17
153,Tuktoyaktuk,69.45,-133.04,21.2,92,90,23.04,CA,2020-10-16 19:39:09
154,Basco,20.45,121.97,81.3,79,61,21.59,PH,2020-10-16 19:42:17
155,Ler,8.3,30.14,74.05,90,100,1.95,SS,2020-10-16 19:42:17
156,Avarua,-21.21,-159.78,75.2,60,87,14.99,CK,2020-10-16 19:42:17
157,Kaitangata,-46.28,169.85,46.0,88,76,3.0,NZ,2020-10-16 19:39:11
158,Saint-Philippe,-21.36,55.77,73.4,83,20,3.36,RE,2020-10-16 19:42:17
159,Trelew,-43.25,-65.31,80.08,26,0,12.28,AR,2020-10-16 19:42:17
160,Chuy,-33.7,-53.46,64.38,74,13,14.09,UY,2020-10-16 19:42:17
161,Dudinka,69.41,86.18,14.0,92,62,4.47,RU,2020-10-16 19:42:18
162,Port Elizabeth,-33.92,25.57,64.4,88,0,18.34,ZA,2020-10-16 19:38:58
163,Waipawa,-41.41,175.52,51.8,76,100,4.7,NZ,2020-10-16 19:42:18
164,Ribeira Grande,38.52,-28.7,68.0,72,75,10.29,PT,2020-10-16 19:42:18
165,Saint George,37.1,-113.58,75.99,11,1,4.7,US,2020-10-16 19:38:35
166,Hithadhoo,-0.6,73.08,83.5,75,85,21.27,MV,2020-10-16 19:42:19
167,Pangnirtung,66.15,-65.71,39.2,86,90,4.7,CA,2020-10-16 19:41:13
168,Zhigansk,66.77,123.37,19.49,95,96,6.38,RU,2020-10-16 19:37:21
169,Cayenne,4.93,-52.33,89.6,49,0,12.75,GF,2020-10-16 19:42:19
170,Dhrangadhra,22.98,71.47,86.77,60,95,8.28,IN,2020-10-16 19:42:19
171,Marawi,8.0,124.29,73.99,93,84,4.0,PH,2020-10-16 19:42:19
172,Shenjiamen,29.96,122.3,64.74,75,100,14.2,CN,2020-10-16 19:42:20
173,Obo,5.4,26.49,69.37,92,62,2.06,CF,2020-10-16 19:42:20
174,Sabha,27.04,14.43,85.08,14,12,13.8,LY,2020-10-16 19:42:20
175,Villamontes,-21.25,-63.5,89.6,52,20,5.82,BO,2020-10-16 19:42:20
176,Murgab,37.5,61.97,57.2,41,0,4.7,TM,2020-10-16 19:42:20
177,Bukoba,-1.33,31.81,69.8,88,0,2.15,TZ,2020-10-16 19:42:20
178,Kamenka,51.32,42.77,57.99,79,99,7.99,RU,2020-10-16 19:42:20
179,Korla,41.76,86.15,45.32,53,0,1.05,CN,2020-10-16 19:40:09
180,Baykalsk,51.51,104.15,35.85,80,85,4.81,RU,2020-10-16 19:43:26
181,Kokopo,-4.35,152.26,76.14,84,100,3.83,PG,2020-10-16 19:43:26
182,Lazaro Cardenas,17.96,-102.2,87.49,67,8,7.61,MX,2020-10-16 19:43:26
183,Morondava,-20.28,44.28,76.01,73,0,12.44,MG,2020-10-16 19:43:26
184,The Valley,18.22,-63.06,84.2,94,40,10.29,AI,2020-10-16 19:43:26
185,Tucuman,-26.82,-65.22,87.8,38,75,10.29,AR,2020-10-16 19:43:26
186,Sennoy,52.15,46.96,61.34,53,94,15.73,RU,2020-10-16 19:43:27
187,Khatanga,71.97,102.5,-1.8,90,0,5.23,RU,2020-10-16 19:43:27
188,Cabo San Lucas,22.89,-109.91,91.4,52,5,3.36,MX,2020-10-16 19:40:10
189,Sao Gabriel Da Cachoeira,-0.13,-67.09,91.6,52,92,3.6,BR,2020-10-16 19:43:27
190,Calvinia,-31.47,19.78,72.3,25,0,4.74,ZA,2020-10-16 19:43:27
191,Lorengau,-2.02,147.27,81.25,74,100,6.35,PG,2020-10-16 19:43:27
192,Kaeo,-35.1,173.78,50.0,92,16,2.3,NZ,2020-10-16 19:43:28
193,Ipixuna,-1.76,-48.8,86.0,70,40,12.75,BR,2020-10-16 19:43:28
194,Guerrero Negro,27.98,-114.06,83.7,42,91,13.13,MX,2020-10-16 19:43:28
195,Lompoc,34.64,-120.46,93.99,22,1,4.7,US,2020-10-16 19:43:28
196,La Sarre,48.8,-79.2,41.56,63,0,7.92,CA,2020-10-16 19:42:53
197,Lagoa,39.05,-27.98,64.0,67,100,6.71,PT,2020-10-16 19:43:28
198,Kieta,-6.22,155.63,80.02,72,50,1.81,PG,2020-10-16 19:43:28
199,Malindi,-3.22,40.12,78.49,81,1,15.55,KE,2020-10-16 19:43:29
200,Helong,42.54,129.0,33.71,86,0,6.06,CN,2020-10-16 19:43:29
201,Jalalpur,32.64,74.22,71.6,56,0,3.51,PK,2020-10-16 19:43:29
202,Shelburne,44.08,-80.2,53.01,34,40,8.05,CA,2020-10-16 19:43:29
203,Sosua,19.77,-70.52,89.01,74,40,16.11,DO,2020-10-16 19:43:29
204,Quatre Cocos,-20.21,57.76,71.01,88,20,4.7,MU,2020-10-16 19:43:29
205,Grand-Santi,4.25,-54.38,97.12,23,0,3.87,GF,2020-10-16 19:43:30
206,Jimma,7.67,36.83,58.89,86,90,2.13,ET,2020-10-16 19:43:30
207,Rio Grande,-32.03,-52.1,64.96,77,59,16.37,BR,2020-10-16 19:41:49
208,Isla Mujeres,21.23,-86.73,80.6,78,75,6.93,MX,2020-10-16 19:43:30
209,Luwuk,-0.95,122.79,78.3,77,100,2.48,ID,2020-10-16 19:43:30
210,Samarai,-10.62,150.67,78.15,86,50,12.64,PG,2020-10-16 19:43:30
211,Vanavara,60.34,102.28,25.72,96,100,9.35,RU,2020-10-16 19:43:30
212,Rock Springs,41.59,-109.2,53.6,23,1,25.28,US,2020-10-16 19:43:31
213,Karratha,-20.74,116.85,65.7,71,0,12.57,AU,2020-10-16 19:40:41
214,Mitsamiouli,-11.38,43.28,78.82,71,9,2.46,KM,2020-10-16 19:43:31
215,Freeport,40.66,-73.58,53.6,93,90,6.93,US,2020-10-16 19:42:34
216,Mutuipe,-13.23,-39.5,79.12,60,0,8.14,BR,2020-10-16 19:43:31
217,Bambous Virieux,-20.34,57.76,71.01,88,20,4.7,MU,2020-10-16 19:39:14
218,Mayumba,-3.43,10.66,76.6,85,85,5.5,GA,2020-10-16 19:43:31
219,Narsaq,60.92,-46.05,44.6,80,75,4.7,GL,2020-10-16 19:43:31
220,Alyangula,-13.85,136.42,69.8,100,13,4.59,AU,2020-10-16 19:43:31
221,Aklavik,68.22,-135.01,23.0,62,75,10.29,CA,2020-10-16 19:43:32
222,Farmington,36.73,-108.22,66.0,12,1,3.36,US,2020-10-16 19:40:03
223,Laguna,38.42,-121.42,89.01,17,1,9.17,US,2020-10-16 19:43:32
224,Cambridge,43.36,-80.31,50.0,42,40,10.29,CA,2020-10-16 19:41:44
225,Flinders,-34.58,150.86,60.01,84,100,3.0,AU,2020-10-16 19:43:32
226,Maceio,-9.67,-35.74,80.6,74,40,13.87,BR,2020-10-16 19:40:26
227,Lukulu,-14.37,23.24,76.21,33,0,6.64,ZM,2020-10-16 19:44:37
228,Mangalagiri,16.43,80.55,78.12,86,89,2.15,IN,2020-10-16 19:44:38
229,Coahuayana,18.73,-103.68,86.0,66,40,6.93,MX,2020-10-16 19:44:38
230,Vostok,46.49,135.88,27.46,93,54,5.3,RU,2020-10-16 19:44:38
231,Sur,22.57,59.53,78.42,50,0,9.51,OM,2020-10-16 19:44:38
232,Esperance,-33.87,121.9,46.4,100,23,3.36,AU,2020-10-16 19:44:38
233,Luderitz,-26.65,15.16,66.24,56,0,15.28,NA,2020-10-16 19:44:38
234,Suntar,62.14,117.63,22.77,94,89,8.28,RU,2020-10-16 19:44:38
235,Bella Union,-30.28,-57.6,81.36,54,0,7.76,UY,2020-10-16 19:44:39
236,Ibra,22.69,58.53,68.61,23,3,5.7,OM,2020-10-16 19:44:39
237,Lebu,-37.62,-73.65,57.72,75,2,5.75,CL,2020-10-16 19:44:39
238,Khorixas,-20.37,14.97,67.87,54,39,6.78,NA,2020-10-16 19:44:39
239,Lethem,3.38,-59.8,94.06,40,86,3.74,GY,2020-10-16 19:44:39
240,Mayo,38.89,-76.51,55.99,87,90,12.28,US,2020-10-16 19:44:39
241,Vila Do Maio,15.13,-23.22,82.4,78,100,2.24,CV,2020-10-16 19:44:39
242,Inyonga,-6.72,32.07,72.68,53,0,2.1,TZ,2020-10-16 19:44:40
243,Am Timan,11.03,20.28,77.49,78,1,6.4,TD,2020-10-16 19:44:40
244,Puerto Castilla,16.02,-85.97,86.0,74,75,17.22,HN,2020-10-16 19:44:40
245,Airai,-8.93,125.41,59.94,70,57,2.13,TL,2020-10-16 19:44:40
246,Lincoln,40.8,-96.67,60.01,28,40,12.75,US,2020-10-16 19:41:06
247,Noumea,-22.28,166.46,73.0,93,90,3.36,NC,2020-10-16 19:44:40
248,Medicine Hat,50.05,-110.67,46.0,86,90,11.41,CA,2020-10-16 19:44:41
249,Honningsvag,70.98,25.97,33.8,83,90,6.93,NO,2020-10-16 19:44:41
250,Bongandanga,1.5,21.05,71.35,97,100,1.59,CD,2020-10-16 19:44:41
251,Banepa,27.63,85.52,66.2,88,40,2.24,NP,2020-10-16 19:44:41
252,Bethel,41.37,-73.41,51.8,93,90,8.05,US,2020-10-16 19:44:41
253,Kruisfontein,-34.0,24.73,64.99,82,0,7.0,ZA,2020-10-16 19:44:41
254,Leh,34.17,77.58,38.28,47,0,2.89,IN,2020-10-16 19:44:41
255,Soyo,-6.13,12.37,77.43,82,93,8.88,AO,2020-10-16 19:41:52
256,Pak Phanang,8.35,100.2,78.76,82,100,10.2,TH,2020-10-16 19:44:42
257,Carutapera,-1.2,-46.02,82.98,70,31,8.99,BR,2020-10-16 19:44:42
258,Kjollefjord,70.95,27.35,33.8,88,90,6.93,NO,2020-10-16 19:44:42
259,Dormidontovka,47.77,134.91,33.93,89,0,9.8,RU,2020-10-16 19:44:42
260,Asbestovskiy,57.76,61.4,40.73,81,82,5.08,RU,2020-10-16 19:44:42
261,Hohhot,40.81,111.65,28.4,74,0,4.47,CN,2020-10-16 19:44:42
262,North Bend,43.41,-124.22,73.99,59,1,8.05,US,2020-10-16 19:44:43
263,Iqaluit,63.75,-68.51,35.6,93,90,2.24,CA,2020-10-16 19:44:43
264,Anaconda,46.13,-112.94,53.6,50,90,16.11,US,2020-10-16 19:44:43
265,Abu Zabad,12.35,29.25,84.88,29,3,1.14,SD,2020-10-16 19:44:43
266,Bonavista,48.65,-53.11,52.7,89,82,6.53,CA,2020-10-16 19:44:43
267,Koping,59.51,15.99,39.0,93,2,1.12,SE,2020-10-16 19:40:54
268,Tiznit,29.58,-9.5,57.27,78,36,4.43,MA,2020-10-16 19:39:48
269,Husavik,66.04,-17.34,39.2,86,90,3.36,IS,2020-10-16 19:44:43
270,Liling,27.67,113.5,59.0,100,75,6.71,CN,2020-10-16 19:45:49
271,Pando,-34.72,-55.95,78.8,57,0,9.17,UY,2020-10-16 19:45:49
272,Chiredzi,-21.05,31.67,76.26,42,0,4.41,ZW,2020-10-16 19:45:49
273,Ancud,-41.87,-73.82,64.0,63,91,8.05,CL,2020-10-16 19:45:49
274,Buriti Dos Lopes,-3.17,-41.87,84.52,59,94,11.18,BR,2020-10-16 19:45:49
275,Gladstone,-23.85,151.25,62.6,82,69,4.7,AU,2020-10-16 19:45:49
276,Sinjar,36.32,41.88,71.83,33,0,9.95,IQ,2020-10-16 19:45:49
277,Playas,-2.63,-80.38,74.14,76,75,13.69,EC,2020-10-16 19:45:50
278,Petropavlovsk-Kamchatskiy,53.05,158.65,32.0,85,20,2.24,RU,2020-10-16 19:45:50
279,Chapais,49.78,-74.85,41.0,75,90,6.93,CA,2020-10-16 19:45:50
280,Prince Rupert,54.32,-130.32,48.2,76,1,11.41,CA,2020-10-16 19:45:50
281,Umm Lajj,25.02,37.27,84.02,51,0,5.3,SA,2020-10-16 19:45:50
282,Koulikoro,14.0,-7.75,87.96,31,51,7.31,ML,2020-10-16 19:45:50
283,Margate,51.38,1.39,53.01,72,93,1.99,GB,2020-10-16 19:45:51
284,Imeni Poliny Osipenko,52.42,136.49,32.85,88,92,7.83,RU,2020-10-16 19:45:51
285,Vao,-22.67,167.48,69.17,80,2,20.98,NC,2020-10-16 19:45:51
286,College,64.86,-147.8,16.0,72,20,5.82,US,2020-10-16 19:45:51
287,Lumeje,-11.55,20.78,72.88,68,1,5.03,AO,2020-10-16 19:45:51
288,Hambantota,6.12,81.12,77.0,94,51,5.82,LK,2020-10-16 19:45:51
289,Dicabisagan,17.08,122.42,78.55,84,100,6.35,PH,2020-10-16 19:45:51
290,Vilhena,-12.74,-60.15,83.8,53,76,2.95,BR,2020-10-16 19:45:52
291,Kloulklubed,7.04,134.26,83.35,72,50,1.43,PW,2020-10-16 19:41:17
292,Soure,-0.72,-48.52,83.01,70,1,14.18,BR,2020-10-16 19:45:52
293,Guantanamo,20.14,-75.21,91.4,66,40,19.46,CU,2020-10-16 19:45:52
294,Den Helder,52.96,4.76,48.99,93,90,1.12,NL,2020-10-16 19:45:23
295,Faanui,-16.48,-151.75,78.69,79,97,11.99,PF,2020-10-16 19:45:52
296,Voznesenye,61.01,35.48,36.37,87,55,12.01,RU,2020-10-16 19:45:52
297,Santa Fe,-31.63,-60.7,88.0,29,0,1.99,AR,2020-10-16 19:45:53
298,Ust-Maya,60.42,134.53,14.32,93,67,3.74,RU,2020-10-16 19:45:53
299,Lekoni,-1.58,14.26,75.04,84,96,0.67,GA,2020-10-16 19:45:53
300,Volksrust,-27.37,29.88,54.43,78,4,4.05,ZA,2020-10-16 19:45:53
301,Saskylakh,71.92,114.08,3.56,93,84,2.73,RU,2020-10-16 19:45:53
302,Vanimo,-2.67,141.3,76.93,83,100,4.88,PG,2020-10-16 19:45:54
303,Vilyuysk,63.76,121.62,16.93,92,87,9.78,RU,2020-10-16 19:41:40
304,Nurota,40.56,65.69,48.2,34,0,2.24,UZ,2020-10-16 19:45:54
305,Kyzyl-Suu,42.34,78.01,44.13,51,0,8.52,KG,2020-10-16 19:45:54
306,Ravar,31.27,56.81,49.39,40,0,4.16,IR,2020-10-16 19:45:54
307,Junin,-34.58,-60.94,84.0,39,0,11.01,AR,2020-10-16 19:44:25
308,Kabinda,-6.13,24.48,70.21,86,0,1.21,CD,2020-10-16 19:45:55
309,Ecoporanga,-18.37,-40.83,75.2,73,80,12.53,BR,2020-10-16 19:41:42
310,Nantucket,41.28,-70.1,68.0,82,1,13.87,US,2020-10-16 19:45:55
311,Diamantino,-14.41,-56.45,96.64,29,84,3.8,BR,2020-10-16 19:45:55
312,Talcahuano,-36.72,-73.12,57.2,82,90,11.41,CL,2020-10-16 19:45:55
313,Raton,36.9,-104.44,57.99,28,1,13.87,US,2020-10-16 19:45:55
314,Ilulissat,69.22,-51.1,48.2,73,75,10.29,GL,2020-10-16 19:45:56
315,Rio Gallegos,-51.62,-69.22,55.4,50,75,13.87,AR,2020-10-16 19:43:31
316,Capreol,46.71,-80.92,43.0,93,75,3.36,CA,2020-10-16 19:47:01
317,Bokoro,12.38,17.06,89.19,29,3,3.11,TD,2020-10-16 19:47:01
318,Sarila,25.77,79.68,82.42,49,4,5.21,IN,2020-10-16 19:47:01
319,Soubre,5.79,-6.61,73.83,98,77,3.69,CI,2020-10-16 19:47:01
320,Henties Bay,-22.12,14.28,59.0,92,44,1.01,NA,2020-10-16 19:47:01
321,Dingle,11.0,122.67,75.51,88,100,2.1,PH,2020-10-16 19:47:02
322,Ukiah,39.15,-123.21,91.99,16,1,4.16,US,2020-10-16 19:47:02
323,Bambanglipuro,-7.95,110.28,78.01,78,100,4.81,ID,2020-10-16 19:47:02
324,Salalah,17.02,54.09,78.8,57,0,3.36,OM,2020-10-16 19:47:02
325,Myaundzha,63.05,147.19,16.7,95,99,3.29,RU,2020-10-16 19:47:02
326,Esso,55.93,158.7,24.21,91,85,2.86,RU,2020-10-16 19:47:03
327,Hofn,64.25,-15.21,44.6,63,0,2.24,IS,2020-10-16 19:47:03
328,Zawadzkie,50.6,18.48,43.0,98,100,4.0,PL,2020-10-16 19:47:03
329,Leningradskiy,69.38,178.42,33.12,92,38,6.55,RU,2020-10-16 19:47:03
330,Ventspils,57.39,21.56,39.2,100,90,8.41,LV,2020-10-16 19:47:03
331,Saint-Pierre,-21.34,55.48,73.4,83,20,3.36,RE,2020-10-16 19:47:03
332,Maun,-19.98,23.42,84.2,21,99,6.93,BW,2020-10-16 19:47:03
333,Saint-Martin-Boulogne,50.73,1.62,46.4,70,20,4.7,FR,2020-10-16 19:47:04
334,Bandarbeyla,9.49,50.81,80.13,79,11,13.24,SO,2020-10-16 19:47:04
335,Cidreira,-30.18,-50.21,66.27,76,20,17.47,BR,2020-10-16 19:47:04
336,Nuuk,64.18,-51.72,46.4,70,75,35.57,GL,2020-10-16 19:47:04
337,Basud,14.06,122.96,78.04,84,52,0.74,PH,2020-10-16 19:47:04
338,Zhezkazgan,47.8,67.71,51.6,45,0,4.59,KZ,2020-10-16 19:47:04
339,Maltahohe,-24.83,16.98,71.73,21,32,5.59,NA,2020-10-16 19:47:04
340,Whitehorse,60.72,-135.05,19.4,44,40,12.75,CA,2020-10-16 19:47:05
341,Tazovskiy,67.47,78.7,29.3,98,100,17.4,RU,2020-10-16 19:47:05
342,Saint-Joseph,-21.37,55.62,73.4,83,20,3.36,RE,2020-10-16 19:47:05
343,Prado,-17.34,-39.22,73.99,92,95,10.54,BR,2020-10-16 19:47:05
344,Kutum,14.2,24.67,79.95,17,0,9.64,SD,2020-10-16 19:47:05
345,Muros,42.78,-9.06,54.0,80,100,5.55,ES,2020-10-16 19:47:05
346,Vestmannaeyjar,63.44,-20.27,46.38,72,0,15.23,IS,2020-10-16 19:47:06
347,Benton Harbor,42.12,-86.45,53.01,43,90,14.99,US,2020-10-16 19:44:01
348,Oparino,59.85,48.28,31.21,98,100,5.35,RU,2020-10-16 19:47:06
349,Troitskoye,52.98,84.68,43.65,77,100,9.42,RU,2020-10-16 19:47:06
350,Balkhash,46.84,74.98,49.55,55,0,2.42,KZ,2020-10-16 19:47:07
351,Macamic,48.75,-79.0,44.6,39,20,12.75,CA,2020-10-16 19:47:07
352,Haverfordwest,51.8,-4.97,50.0,81,100,6.93,GB,2020-10-16 19:47:07
353,Lasa,46.62,10.7,48.0,93,75,5.82,IT,2020-10-16 19:47:07
354,Libourne,44.92,-0.25,50.0,81,0,4.7,FR,2020-10-16 19:47:07
355,Reconquista,-29.15,-59.65,86.25,42,76,5.97,AR,2020-10-16 19:47:08
356,Grindavik,63.84,-22.43,42.8,93,19,8.05,IS,2020-10-16 19:47:08
357,Maria Aurora,15.8,121.47,74.62,87,100,1.39,PH,2020-10-16 19:47:08
358,Constitucion,-35.33,-72.42,59.31,75,5,6.4,CL,2020-10-16 19:47:08
359,Kulaman,6.46,124.09,77.99,76,100,5.12,PH,2020-10-16 19:48:14
360,Guymon,36.68,-101.48,62.6,21,1,23.04,US,2020-10-16 19:45:48
361,Avon,41.45,-82.04,55.0,40,40,9.17,US,2020-10-16 19:46:30
362,Pesaro,43.9,12.89,53.01,82,51,8.88,IT,2020-10-16 19:48:14
363,Makasar,-5.14,119.42,75.2,88,20,4.7,ID,2020-10-16 19:48:14
364,Mikhaylovka,50.06,43.24,57.99,63,100,5.01,RU,2020-10-16 19:48:14
365,Ostersund,63.18,14.64,42.8,87,29,13.87,SE,2020-10-16 19:46:36
366,Kuji,40.19,141.77,50.0,76,75,2.24,JP,2020-10-16 19:48:15
367,Edd,13.93,41.69,84.42,65,0,2.08,ER,2020-10-16 19:48:15
368,Faya,18.39,42.45,66.2,17,0,9.17,SA,2020-10-16 19:48:15
369,San Patricio,28.02,-97.52,63.0,77,90,19.46,US,2020-10-16 19:48:15
370,Kudahuvadhoo,2.67,72.89,82.47,77,85,17.87,MV,2020-10-16 19:48:15
371,Three Hills,51.7,-113.27,33.01,52,100,9.66,CA,2020-10-16 19:48:03
372,Daru,-9.08,143.21,76.64,82,100,11.16,PG,2020-10-16 19:48:15
373,Marsh Harbour,26.54,-77.06,80.58,77,100,9.28,BS,2020-10-16 19:48:16
374,Mehamn,71.04,27.85,32.0,84,75,10.29,NO,2020-10-16 19:48:16
375,Kautokeino,69.01,23.04,33.64,92,100,9.69,NO,2020-10-16 19:48:16
376,Port Moresby,-9.44,147.18,75.2,100,90,13.87,PG,2020-10-16 19:48:16
377,Broken Hill,-31.95,141.43,64.4,72,75,11.41,AU,2020-10-16 19:48:16
378,Cape Canaveral,28.41,-80.6,88.0,66,1,10.29,US,2020-10-16 19:47:39
379,Hasaki,35.73,140.83,55.4,93,75,9.17,JP,2020-10-16 19:48:16
380,Illela,13.73,5.3,91.54,26,16,4.32,NG,2020-10-16 19:48:16
381,Dosso,13.05,3.19,93.43,26,96,5.7,NE,2020-10-16 19:48:17
382,Paita,-5.09,-81.11,77.0,65,19,14.99,PE,2020-10-16 19:48:17
383,Urumqi,43.8,87.6,46.4,45,0,2.24,CN,2020-10-16 19:48:17
384,Tianmen,30.65,113.16,54.66,89,0,5.79,CN,2020-10-16 19:48:17
385,San Vicente,-26.62,-54.13,75.65,78,31,2.71,AR,2020-10-16 19:47:56
386,Hobyo,5.35,48.53,79.34,82,3,19.91,SO,2020-10-16 19:48:17
387,Steinbach,50.17,8.57,52.0,66,87,8.05,DE,2020-10-16 19:48:18
388,Tshikapa,-6.42,20.8,72.43,88,95,1.41,CD,2020-10-16 19:48:18
389,Coihaique,-45.58,-72.07,66.2,39,10,8.05,CL,2020-10-16 19:48:18
390,Jaru,-10.44,-62.47,93.27,38,99,2.75,BR,2020-10-16 19:48:18
391,Sao Joao Da Barra,-21.64,-41.05,73.4,73,90,18.34,BR,2020-10-16 19:48:18
392,Tari,12.41,4.49,89.78,36,56,6.33,NG,2020-10-16 19:48:18
393,Isangel,-19.55,169.27,73.89,73,0,11.86,VU,2020-10-16 19:48:18
394,Touros,-5.2,-35.46,84.2,58,99,17.22,BR,2020-10-16 19:48:19
395,Maumere,-8.62,122.21,79.02,78,66,5.48,ID,2020-10-16 19:48:19
396,Madaoua,14.07,5.96,93.6,23,43,3.06,NE,2020-10-16 19:48:19
397,Kismayo,-0.36,42.55,79.29,80,1,14.83,SO,2020-10-16 19:48:19
398,Xunchang,28.45,104.72,55.24,83,100,2.66,CN,2020-10-16 19:48:19
399,Kasongo-Lunda,-6.47,16.82,72.66,85,85,1.41,CD,2020-10-16 19:48:19
400,Tanout,14.97,8.89,92.53,16,0,9.33,NE,2020-10-16 19:48:20
401,Kaniama,-7.57,24.18,69.91,89,96,2.1,CD,2020-10-16 19:48:20
402,Tilichiki,60.47,166.1,31.5,93,14,1.28,RU,2020-10-16 19:48:20
403,Pierre,44.37,-100.35,55.0,34,1,10.29,US,2020-10-16 19:45:30
404,Farafangana,-22.82,47.83,73.67,86,82,6.64,MG,2020-10-16 19:48:20
405,Ambilobe,-13.2,49.05,72.37,69,39,3.38,MG,2020-10-16 19:48:20
406,Buchanan,5.88,-10.05,78.8,94,75,8.08,LR,2020-10-16 19:48:20
407,Aden,12.78,45.04,85.14,64,0,2.48,YE,2020-10-16 19:45:38
408,Porto Novo,6.5,2.6,78.8,83,40,9.17,BJ,2020-10-16 19:49:26
409,Simiti,7.96,-73.94,91.47,56,37,3.27,CO,2020-10-16 19:49:26
410,San Cristobal,7.77,-72.22,95.0,34,20,16.11,VE,2020-10-16 19:49:26
411,Sao Domingos,-13.4,-46.32,96.31,14,0,3.33,BR,2020-10-16 19:49:26
412,Krasnoarmeysk,51.02,45.7,61.0,44,100,4.0,RU,2020-10-16 19:49:26
413,Matara,5.95,80.54,77.32,89,36,9.55,LK,2020-10-16 19:49:27
414,Kavaratti,10.57,72.64,81.7,76,20,13.67,IN,2020-10-16 19:49:27
415,Colonelganj,27.13,81.7,77.34,63,0,3.2,IN,2020-10-16 19:49:27
416,Berlevag,70.86,29.09,30.2,80,75,4.7,NO,2020-10-16 19:49:27
417,Hokitika,-42.72,170.97,49.93,85,98,5.57,NZ,2020-10-16 19:49:27
418,Naze,28.37,129.48,73.4,94,75,2.24,JP,2020-10-16 19:49:27
419,Yizheng,24.67,103.43,47.98,95,100,3.78,CN,2020-10-16 19:49:28
420,Ucluelet,48.93,-125.55,59.0,100,90,20.8,CA,2020-10-16 19:46:14
421,Pelotas,-31.77,-52.34,67.33,70,51,12.24,BR,2020-10-16 19:44:30
422,Tipuani,-15.56,-68.02,76.57,77,96,2.17,BO,2020-10-16 19:49:28
423,Vung Tau,10.35,107.08,79.45,84,100,15.82,VN,2020-10-16 19:49:28
424,Conceicao Da Barra,-18.59,-39.73,75.2,75,100,11.81,BR,2020-10-16 19:49:21
425,Rehoboth,-23.32,17.08,71.94,21,95,3.13,NA,2020-10-16 19:49:29
426,Zyryanka,65.75,150.85,26.55,98,100,7.87,RU,2020-10-16 19:49:29
427,Maniitsoq,65.42,-52.9,40.62,90,100,33.11,GL,2020-10-16 19:49:29
428,Shitanjing,39.23,106.34,40.08,54,0,3.51,CN,2020-10-16 19:49:29
429,Kindersley,51.47,-109.17,35.6,74,90,8.05,CA,2020-10-16 19:49:29
430,Saint-Augustin,51.23,-58.65,52.79,75,51,11.9,CA,2020-10-16 19:49:30
431,Rudbar,30.15,62.6,55.92,35,0,8.48,AF,2020-10-16 19:49:30
432,Sisimiut,66.94,-53.67,42.33,84,100,15.73,GL,2020-10-16 19:49:30
433,Nyuksenitsa,60.41,44.24,34.83,90,100,7.29,RU,2020-10-16 19:49:30
434,Nyurba,63.28,118.33,19.33,92,22,8.5,RU,2020-10-16 19:49:30
435,Inhambane,-23.86,35.38,71.6,83,20,9.17,MZ,2020-10-16 19:49:30
436,Quang Ngai,15.12,108.8,76.73,93,100,5.57,VN,2020-10-16 19:49:30
437,Vardo,70.37,31.11,35.6,74,40,14.99,NO,2020-10-16 19:49:31
438,Billings,45.78,-108.5,55.0,34,90,17.22,US,2020-10-16 19:46:33
439,Olinda,-8.01,-34.86,82.4,69,40,8.05,BR,2020-10-16 19:49:31
440,Surt,31.21,16.59,75.31,87,80,10.58,LY,2020-10-16 19:49:31
441,Nalut,30.33,10.85,75.16,43,53,16.96,LY,2020-10-16 19:49:31
442,Qinhuangdao,39.93,119.59,50.11,44,0,9.78,CN,2020-10-16 19:49:31
443,Tuatapere,-46.13,167.68,44.01,87,78,3.0,NZ,2020-10-16 19:49:31
444,La Ronge,55.1,-105.28,24.8,62,75,14.99,CA,2020-10-16 19:49:32
445,Karwar,14.8,74.13,77.68,87,13,8.79,IN,2020-10-16 19:49:32
446,Oriximina,-1.77,-55.87,96.31,35,18,8.12,BR,2020-10-16 19:49:32
447,Arak,34.09,49.69,41.99,50,0,1.12,IR,2020-10-16 19:49:32
448,Saint-Denis,48.92,2.33,51.01,76,90,3.36,FR,2020-10-16 19:49:32
449,Rawson,-43.3,-65.1,72.77,35,4,9.93,AR,2020-10-16 19:49:32
450,Lagunas,-5.23,-75.68,89.26,54,41,4.38,PE,2020-10-16 19:49:32
451,Namatanai,-3.67,152.43,79.57,75,100,6.91,PG,2020-10-16 19:49:33
452,Hamilton,39.18,-84.53,59.0,22,1,4.7,US,2020-10-16 19:49:33
453,Westport,41.14,-73.36,53.01,97,100,9.33,US,2020-10-16 19:49:33
454,Beira,-19.84,34.84,73.4,78,0,13.87,MZ,2020-10-16 19:50:38
455,Olafsvik,64.89,-23.71,46.76,82,100,4.07,IS,2020-10-16 19:50:38
456,Arrecife,28.96,-13.55,71.6,64,20,12.75,ES,2020-10-16 19:50:39
457,Larap,14.3,122.65,76.75,88,69,1.68,PH,2020-10-16 19:50:39
458,Xai-Xai,-25.05,33.64,70.21,84,21,4.9,MZ,2020-10-16 19:50:39
459,Kijabe,-0.93,36.58,60.01,74,100,5.99,KE,2020-10-16 19:50:39
460,Saint-Georges,12.06,-61.75,87.8,70,20,17.22,GD,2020-10-16 19:50:39
461,Mamit,23.93,92.48,71.46,97,0,1.07,IN,2020-10-16 19:50:39
462,Tezu,27.92,96.17,75.38,58,0,3.4,IN,2020-10-16 19:50:40
463,Las Varas,21.17,-105.17,91.4,29,5,11.41,MX,2020-10-16 19:50:40
464,Bahia De Caraquez,-0.6,-80.42,84.2,66,40,13.87,EC,2020-10-16 19:50:40
465,Itarema,-2.92,-39.92,80.83,71,1,17.96,BR,2020-10-16 19:50:40
466,Makakilo City,21.35,-158.09,82.4,74,40,10.29,US,2020-10-16 19:50:40
467,Belmonte,-15.86,-38.88,80.6,69,20,11.41,BR,2020-10-16 19:50:40
468,Ende,-8.84,121.66,76.51,78,87,1.45,ID,2020-10-16 19:50:41
469,Tobermory,45.25,-81.67,45.0,69,14,5.99,CA,2020-10-16 19:46:56
470,Caranavi,-15.82,-67.55,73.24,62,100,1.07,BO,2020-10-16 19:50:41
471,Priekule,56.45,21.59,37.4,93,0,2.24,LV,2020-10-16 19:50:41
472,Amahai,-3.33,128.92,81.0,94,99,1.99,ID,2020-10-16 19:50:42
473,Cap Malheureux,-19.98,57.61,71.01,76,0,1.99,MU,2020-10-16 19:50:42
474,Amapa,1.0,-52.0,94.17,35,88,2.84,BR,2020-10-16 19:50:42
475,Platteville,42.73,-90.48,51.8,40,90,17.22,US,2020-10-16 19:50:42
476,Boguchany,58.38,97.45,27.37,95,100,5.93,RU,2020-10-16 19:50:42
477,Namibe,-15.2,12.15,71.6,88,75,11.41,AO,2020-10-16 19:50:43
478,Bilma,18.69,12.92,88.52,14,0,6.46,NE,2020-10-16 19:50:43
479,Puerto Gaitan,4.31,-72.08,89.42,54,49,3.2,CO,2020-10-16 19:47:24
480,Goderich,43.75,-81.72,54.0,48,1,16.84,CA,2020-10-16 19:50:43
481,Marang,5.21,103.21,77.0,94,20,3.36,MY,2020-10-16 19:50:43
482,Novikovo,51.15,37.89,50.65,81,90,4.23,RU,2020-10-16 19:50:43
483,Aksu,41.12,80.26,50.88,42,0,4.76,CN,2020-10-16 19:50:43
484,Fonte Boa,-2.5,-66.27,92.34,48,87,2.57,BR,2020-10-16 19:50:44
485,Hami,42.8,93.45,40.69,55,6,1.25,CN,2020-10-16 19:50:44
486,Mormugao,15.4,73.8,77.0,100,75,5.82,IN,2020-10-16 19:50:44
487,Ust-Koksa,50.27,85.61,32.65,87,28,1.74,RU,2020-10-16 19:50:44
488,Mezen,65.85,44.24,32.14,97,95,5.77,RU,2020-10-16 19:50:44
489,Paamiut,61.99,-49.67,42.49,75,89,33.4,GL,2020-10-16 19:50:45
490,Bend,44.06,-121.32,73.4,25,1,5.82,US,2020-10-16 19:49:59
491,Wagar,16.15,36.2,86.61,36,0,12.82,SD,2020-10-16 19:50:45
492,Soeng Sang,14.43,102.46,71.1,97,100,3.83,TH,2020-10-16 19:50:45
493,Awjilah,29.11,21.29,82.72,21,1,10.33,LY,2020-10-16 19:50:45
494,Borogontsy,62.67,131.17,16.16,94,100,6.02,RU,2020-10-16 19:50:46
495,Lyngseidet,69.58,20.22,37.4,86,75,8.05,NO,2020-10-16 19:50:46
496,Nhamunda,-2.19,-56.71,98.94,30,57,4.63,BR,2020-10-16 19:50:46
497,Sal Rei,16.18,-22.92,80.6,88,75,10.29,CV,2020-10-16 19:50:46
498,Shingu,33.73,135.98,57.94,91,100,7.83,JP,2020-10-16 19:50:46
499,Inglewood,33.96,-118.35,93.0,51,1,6.93,US,2020-10-16 19:47:12
500,Aksehir,38.36,31.42,61.0,36,22,1.1,TR,2020-10-16 19:51:51
501,Doctor Juan Leon Mallorquin,-25.4,-55.27,82.26,66,38,2.44,PY,2020-10-16 19:51:52
502,Burriana,39.89,-0.09,57.99,62,2,1.59,ES,2020-10-16 19:51:52
503,Kimberley,-28.73,24.76,78.8,15,8,3.36,ZA,2020-10-16 19:46:54
504,Concordia,-31.39,-58.02,86.0,48,0,8.05,AR,2020-10-16 19:51:52
505,Gunnedah,-30.98,150.25,50.0,87,67,4.7,AU,2020-10-16 19:51:52
506,Emerald,-23.53,148.17,60.8,82,0,5.82,AU,2020-10-16 19:51:52
507,Alice Springs,-23.7,133.88,75.0,45,0,9.08,AU,2020-10-16 19:49:36
508,Myrtle Beach,33.69,-78.89,81.0,88,75,5.82,US,2020-10-16 19:51:53
509,Khandyga,62.67,135.6,12.11,92,21,2.95,RU,2020-10-16 19:51:53
510,Bonito,-21.12,-56.48,85.51,59,100,2.93,BR,2020-10-16 19:51:53
511,Maningrida,-12.07,134.27,78.19,81,87,5.03,AU,2020-10-16 19:51:53
512,Berbera,10.44,45.01,86.07,51,0,0.74,SO,2020-10-16 19:51:53
513,Gat,31.61,34.76,75.0,88,0,4.61,IL,2020-10-16 19:51:54
514,Buinsk,54.95,48.28,50.0,93,90,2.24,RU,2020-10-16 19:51:54
515,Sumter,28.71,-82.08,88.0,62,100,1.01,US,2020-10-16 19:51:54
516,Haines Junction,60.75,-137.51,26.15,74,62,7.83,CA,2020-10-16 19:51:54
517,Russell,32.35,-85.2,69.8,52,90,12.75,US,2020-10-16 19:51:55
518,Davila,18.47,120.58,80.85,78,16,18.21,PH,2020-10-16 19:51:55
519,Ixtapa,20.7,-105.2,91.4,63,20,9.17,MX,2020-10-16 19:51:55
520,Baruun-Urt,46.68,113.28,33.4,86,90,4.7,MN,2020-10-16 19:51:55
521,Ahipara,-35.17,173.17,55.94,66,1,3.06,NZ,2020-10-16 19:51:55
522,Ust-Kuyga,70.02,135.6,16.84,96,100,5.95,RU,2020-10-16 19:51:56
523,Nelson Bay,-32.72,152.15,64.0,100,68,4.7,AU,2020-10-16 19:51:56
524,North Platte,41.12,-100.77,60.8,29,1,12.75,US,2020-10-16 19:51:56
525,Cabrera,19.64,-69.9,84.2,79,40,4.7,DO,2020-10-16 19:51:56
526,Tarakan,3.3,117.63,78.84,83,28,3.4,ID,2020-10-16 19:51:56
527,Manokwari,-0.87,134.08,79.45,75,100,6.87,ID,2020-10-16 19:51:56
528,Nchelenge,-9.35,28.73,79.18,54,50,1.7,ZM,2020-10-16 19:51:57
529,Ugoofaaru,5.67,73.0,82.06,73,15,16.17,MV,2020-10-16 19:51:57
530,Abonnema,4.71,6.79,77.0,94,75,2.24,NG,2020-10-16 19:51:57
531,Kununurra,-15.77,128.73,78.8,94,75,6.93,AU,2020-10-16 19:51:57
532,Kirando,-7.42,30.6,80.22,55,1,4.03,TZ,2020-10-16 19:51:57
533,Kedrovyy,56.17,91.82,26.6,92,100,8.61,RU,2020-10-16 19:51:57
534,Staryy Nadym,65.61,72.68,34.72,98,100,9.82,RU,2020-10-16 19:51:57
535,Kota Bahru,6.13,102.24,78.8,94,20,3.36,MY,2020-10-16 19:51:58
536,Cochabamba,-17.39,-66.16,73.4,31,75,14.99,BO,2020-10-16 19:47:52
537,Araouane,18.9,-3.53,95.88,11,0,7.81,ML,2020-10-16 19:51:58
538,Honiara,-9.43,159.95,73.4,94,20,4.7,SB,2020-10-16 19:51:58
539,Plouzane,48.38,-4.62,51.8,87,43,5.82,FR,2020-10-16 19:51:58
540,San Quintin,30.48,-115.95,81.0,48,0,12.75,MX,2020-10-16 19:51:58
541,Richards Bay,-28.78,32.04,68.5,85,73,4.34,ZA,2020-10-16 19:49:17
542,Sompeta,18.93,84.6,79.93,82,15,1.19,IN,2020-10-16 19:51:59
