City_ID,City,Lat,Lng,Max Temp,Humidity,Cloudiness,Wind Speed,Country,Date,Current Description
0,Hobart,-42.88,147.33,52.0,66,75,4.12,AU,2020-10-18 21:14:24,Clouds
1,Marsa Matruh,31.35,27.25,71.6,78,0,8.46,EG,2020-10-18 21:26:28,Clear
2,Albany,42.6,-73.97,61.0,43,96,7.85,US,2020-10-18 21:17:44,Clouds
3,Lorengau,-2.02,147.27,82.69,78,87,7.65,PG,2020-10-18 21:26:28,Clouds
4,Jamestown,42.1,-79.24,57.0,66,90,9.17,US,2020-10-18 21:16:38,Clouds
5,Broome,42.25,-75.83,57.99,37,1,12.75,US,2020-10-18 21:23:32,Clear
6,Aswan,24.09,32.91,84.52,21,0,10.16,EG,2020-10-18 21:26:28,Clear
7,Mumbwa,-14.98,27.06,70.05,24,0,5.93,ZM,2020-10-18 21:26:29,Clear
8,Ushuaia,-54.8,-68.3,41.0,80,75,29.97,AR,2020-10-18 21:17:41,Rain
9,Rikitea,-23.12,-134.97,74.86,81,100,18.5,PF,2020-10-18 21:17:41,Rain
10,Bredasdorp,-34.53,20.04,59.0,82,100,1.12,ZA,2020-10-18 21:26:29,Clouds
11,Sistranda,63.73,8.83,41.0,80,75,13.87,NO,2020-10-18 21:24:59,Clouds
12,Teya,60.38,92.63,27.77,92,100,15.32,RU,2020-10-18 21:26:29,Clouds
13,Mahebourg,-20.41,57.7,73.4,73,20,10.29,MU,2020-10-18 21:23:20,Clouds
14,Nikolskoye,59.7,30.79,37.4,86,90,6.71,RU,2020-10-18 21:26:29,Rain
15,Hithadhoo,-0.6,73.08,83.35,76,100,14.9,MV,2020-10-18 21:23:23,Clouds
16,Saint-Philippe,-21.36,55.77,73.4,64,20,3.36,RE,2020-10-18 21:26:30,Clouds
17,Shelburne,44.08,-80.2,53.6,66,75,13.87,CA,2020-10-18 21:24:33,Clouds
18,Punta Arenas,-53.15,-70.92,44.01,70,40,31.09,CL,2020-10-18 21:14:09,Rain
19,Ust-Omchug,61.15,149.63,19.94,95,100,2.77,RU,2020-10-18 21:26:30,Clouds
20,Souillac,-20.52,57.52,73.4,73,20,10.29,MU,2020-10-18 21:23:21,Clouds
21,Mataura,-46.19,168.86,48.99,96,100,4.0,NZ,2020-10-18 21:18:36,Rain
22,Georgetown,5.41,100.34,80.6,83,20,3.36,MY,2020-10-18 21:18:40,Clouds
23,Kaitangata,-46.28,169.85,52.0,87,99,2.68,NZ,2020-10-18 21:12:49,Clouds
24,Port Hardy,50.7,-127.42,48.2,100,90,5.82,CA,2020-10-18 21:26:31,Mist
25,Kavieng,-2.57,150.8,83.03,74,61,9.6,PG,2020-10-18 21:18:37,Clouds
26,Iqaluit,63.75,-68.51,32.0,96,90,20.8,CA,2020-10-18 21:24:44,Snow
27,Lagoa,39.05,-27.98,62.89,73,54,21.41,PT,2020-10-18 21:26:31,Rain
28,Kapaa,22.08,-159.32,86.0,78,1,11.41,US,2020-10-18 21:13:02,Clear
29,Quatre Cocos,-20.21,57.76,73.4,73,20,10.29,MU,2020-10-18 21:26:31,Clouds
30,Butaritari,3.07,172.79,82.11,72,100,18.86,KI,2020-10-18 21:17:44,Clouds
31,Tshikapa,-6.42,20.8,71.04,92,100,2.48,CD,2020-10-18 21:26:31,Rain
32,Severo-Kurilsk,50.68,156.12,46.22,84,6,13.33,RU,2020-10-18 21:26:31,Clear
33,Husavik,66.04,-17.34,42.8,70,90,14.99,IS,2020-10-18 21:26:31,Clouds
34,Yellowknife,62.46,-114.35,28.0,86,90,6.93,CA,2020-10-18 21:17:45,Snow
35,New Norfolk,-42.78,147.06,52.0,73,89,1.01,AU,2020-10-18 21:26:32,Clouds
36,Hermanus,-34.42,19.23,60.01,85,100,6.76,ZA,2020-10-18 21:18:36,Clouds
37,Busselton,-33.65,115.33,55.99,60,0,8.19,AU,2020-10-18 21:17:43,Clear
38,Hambantota,6.12,81.12,77.99,83,90,13.49,LK,2020-10-18 21:26:32,Clouds
39,San Cristobal,7.77,-72.22,89.6,40,40,14.99,VE,2020-10-18 21:23:38,Clouds
40,Merced,37.17,-120.75,91.99,18,1,3.36,US,2020-10-18 21:26:32,Clear
41,Trat,12.5,102.5,74.08,96,100,1.28,TH,2020-10-18 21:26:32,Rain
42,Port Elizabeth,-33.92,25.57,57.2,87,8,4.7,ZA,2020-10-18 21:15:08,Clear
43,Carnarvon,-24.87,113.63,68.0,88,90,10.29,AU,2020-10-18 21:23:23,Clouds
44,Lompoc,34.64,-120.46,73.4,72,1,17.22,US,2020-10-18 21:26:33,Clear
45,Lebu,-37.62,-73.65,55.0,64,0,5.86,CL,2020-10-18 21:23:19,Clear
46,Salalah,17.02,54.09,75.2,38,0,4.7,OM,2020-10-18 21:24:36,Clear
47,Hofn,64.25,-15.21,42.96,84,87,21.34,IS,2020-10-18 21:18:40,Rain
48,Volax,41.32,24.0,64.99,68,4,4.52,GR,2020-10-18 21:27:38,Clear
49,Dingle,11.0,122.67,76.28,91,100,5.21,PH,2020-10-18 21:27:38,Clouds
50,Beringovskiy,63.05,179.32,34.68,84,0,3.53,RU,2020-10-18 21:25:11,Clear
51,Dikson,73.51,80.55,27.95,90,99,29.91,RU,2020-10-18 21:24:41,Clouds
52,Awbari,26.59,12.78,79.88,19,90,14.03,LY,2020-10-18 21:25:19,Clouds
53,Vaini,-21.2,-175.2,71.6,83,75,14.81,TO,2020-10-18 21:17:42,Clouds
54,Leningradskiy,69.38,178.42,22.77,88,0,6.46,RU,2020-10-18 21:23:24,Clear
55,Nemuro,43.32,145.57,53.4,69,0,14.45,JP,2020-10-18 21:27:39,Clear
56,Aykhal,66.0,111.5,10.4,92,75,6.71,RU,2020-10-18 21:27:39,Clouds
57,Nautla,20.22,-96.78,82.76,69,6,8.28,MX,2020-10-18 21:27:39,Clear
58,Khandyga,62.67,135.6,14.77,97,99,2.98,RU,2020-10-18 21:27:39,Clouds
59,Kunashak,55.7,61.55,41.0,52,100,13.42,RU,2020-10-18 21:27:40,Clouds
60,Port Alfred,-33.59,26.89,61.75,81,65,6.96,ZA,2020-10-18 21:13:44,Clouds
61,Ostrovnoy,68.05,39.51,34.41,85,59,13.8,RU,2020-10-18 21:27:40,Clouds
62,Yumen,40.28,97.2,43.21,48,100,17.58,CN,2020-10-18 21:27:40,Clouds
63,Jalu,29.03,21.55,79.92,24,98,1.36,LY,2020-10-18 21:27:40,Clouds
64,Puerto Ayora,-0.74,-90.35,80.6,65,20,23.04,EC,2020-10-18 21:12:45,Clouds
65,Hibbing,47.43,-92.94,28.4,63,90,8.05,US,2020-10-18 21:27:40,Clouds
66,Ancud,-41.87,-73.82,55.0,66,75,14.99,CL,2020-10-18 21:27:40,Clouds
67,Sfantu Gheorghe,45.87,25.78,42.01,76,77,5.5,RO,2020-10-18 21:27:41,Clouds
68,The Pas,53.83,-101.25,32.0,90,90,14.99,CA,2020-10-18 21:27:41,Clouds
69,Lazaro Cardenas,17.96,-102.2,85.17,74,81,6.46,MX,2020-10-18 21:27:41,Rain
70,Barrow,71.29,-156.79,21.2,85,75,11.41,US,2020-10-18 21:23:23,Clouds
71,Puerto Penasco,31.32,-113.53,84.0,70,11,5.01,MX,2020-10-18 21:27:41,Clouds
72,Khabary,53.63,79.53,31.37,93,0,7.96,RU,2020-10-18 21:27:41,Clear
73,Hamamatsu,34.7,137.73,59.0,85,66,1.99,JP,2020-10-18 21:27:34,Clouds
74,San Roque,36.21,-5.38,64.4,88,76,14.99,ES,2020-10-18 21:27:41,Clouds
75,Nalut,30.33,10.85,62.69,57,0,16.49,LY,2020-10-18 21:27:41,Clear
76,Paamiut,61.99,-49.67,42.4,84,45,36.86,GL,2020-10-18 21:23:27,Clouds
77,Winnemucca,40.97,-117.74,75.2,15,1,9.17,US,2020-10-18 21:27:42,Clear
78,Mehamn,71.04,27.85,24.8,92,82,6.93,NO,2020-10-18 21:27:42,Clouds
79,Namibe,-15.2,12.15,69.46,74,16,3.56,AO,2020-10-18 21:24:58,Clouds
80,Port Lincoln,-34.73,135.87,53.19,77,28,7.05,AU,2020-10-18 21:23:24,Clouds
81,Avarua,-21.21,-159.78,78.8,78,92,8.05,CK,2020-10-18 21:25:24,Clouds
82,Hopelchen,19.77,-89.85,86.0,74,40,6.93,MX,2020-10-18 21:27:42,Clouds
83,Saint Augustine,29.89,-81.31,80.6,74,75,14.99,US,2020-10-18 21:27:42,Clouds
84,Vardo,70.37,31.11,39.2,64,40,13.87,NO,2020-10-18 21:27:42,Clouds
85,Teluk Nibung,3.0,99.82,76.42,88,100,3.29,ID,2020-10-18 21:27:43,Clouds
86,Baghdad,33.34,44.4,71.6,33,0,4.7,IQ,2020-10-18 21:27:43,Clear
87,Lanzhou,36.06,103.79,42.01,67,3,2.64,CN,2020-10-18 21:27:43,Clear
88,Atuona,-9.8,-139.03,77.9,75,4,20.69,PF,2020-10-18 21:18:38,Clear
89,Fortuna,40.6,-124.16,70.0,59,20,12.75,US,2020-10-18 21:23:03,Clouds
90,Norman Wells,65.28,-126.83,19.4,73,5,6.93,CA,2020-10-18 21:27:43,Clear
91,Paita,-5.09,-81.11,68.61,71,27,18.34,PE,2020-10-18 21:23:40,Clouds
92,Provideniya,64.38,-173.3,35.6,80,75,4.47,RU,2020-10-18 21:28:48,Clouds
93,Wattegama,6.8,81.48,75.43,81,100,2.98,LK,2020-10-18 21:28:49,Clouds
94,Uglegorsk,49.08,142.03,38.52,70,29,21.18,RU,2020-10-18 21:28:49,Clouds
95,Port Hedland,-20.32,118.57,69.8,83,0,9.17,AU,2020-10-18 21:28:49,Clear
96,Korla,41.76,86.15,44.01,92,3,3.0,CN,2020-10-18 21:28:49,Clear
97,Kavaratti,10.57,72.64,80.71,81,36,11.74,IN,2020-10-18 21:28:49,Clouds
98,Ranong,9.97,98.63,78.04,86,97,7.96,TH,2020-10-18 21:28:49,Rain
99,Inhambane,-23.86,35.38,70.18,83,0,10.65,MZ,2020-10-18 21:28:49,Clear
100,Yulara,-25.24,130.99,66.2,93,90,6.93,AU,2020-10-18 21:28:49,Rain
101,Ribeira Grande,38.52,-28.7,62.6,72,40,19.46,PT,2020-10-18 21:28:50,Clouds
102,Banda Aceh,5.56,95.32,81.03,69,100,11.5,ID,2020-10-18 21:27:43,Clouds
103,Cayenne,4.93,-52.33,86.0,70,25,6.93,GF,2020-10-18 21:28:32,Clouds
104,Kobryn,52.21,24.36,43.75,72,100,9.22,BY,2020-10-18 21:26:31,Clouds
105,Alta Floresta,-9.88,-56.09,83.17,61,90,1.34,BR,2020-10-18 21:28:50,Rain
106,Katsuura,35.13,140.3,59.0,72,75,11.41,JP,2020-10-18 21:28:50,Rain
107,Pringsewu,-5.36,104.97,73.74,93,98,2.17,ID,2020-10-18 21:28:50,Rain
108,Bozdar,27.18,68.64,73.4,69,0,6.67,PK,2020-10-18 21:28:50,Haze
109,Tommot,58.96,126.29,9.79,91,0,2.26,RU,2020-10-18 21:28:51,Clear
110,Santiago,-33.46,-70.65,79.0,27,0,11.41,CL,2020-10-18 21:25:27,Clear
111,Valparaiso,-33.04,-71.63,66.2,52,0,11.41,CL,2020-10-18 21:28:36,Clear
112,Cherskiy,68.75,161.3,20.34,92,89,7.0,RU,2020-10-18 21:28:51,Clouds
113,Kirkwall,58.98,-2.96,41.0,86,100,3.36,GB,2020-10-18 21:26:46,Clouds
114,Sept-Iles,50.2,-66.38,43.0,87,75,4.7,CA,2020-10-18 21:28:51,Clouds
115,San Isidro,-12.12,-77.05,68.0,64,20,11.41,PE,2020-10-18 21:28:51,Clouds
116,Tuktoyaktuk,69.45,-133.04,15.8,92,20,2.24,CA,2020-10-18 21:28:51,Clouds
117,Pallasovka,50.05,46.88,62.13,68,86,11.07,RU,2020-10-18 21:28:52,Clouds
118,Zhigansk,66.77,123.37,10.42,93,71,5.88,RU,2020-10-18 21:28:52,Clouds
119,Honningsvag,70.98,25.97,37.4,93,40,5.82,NO,2020-10-18 21:28:52,Rain
120,Port Moresby,-9.44,147.18,77.0,100,75,5.82,PG,2020-10-18 21:28:52,Clouds
121,Cabo San Lucas,22.89,-109.91,89.01,66,40,5.82,MX,2020-10-18 21:28:52,Clouds
122,Sorkjosen,69.8,20.93,32.85,86,1,4.79,NO,2020-10-18 21:28:52,Clear
123,Maldonado,-34.67,-54.92,82.4,58,20,9.17,UY,2020-10-18 21:28:52,Clouds
124,Viedma,-40.81,-63.0,78.01,14,0,8.01,AR,2020-10-18 21:28:53,Clear
125,Ketchikan,55.34,-131.65,44.6,86,90,5.82,US,2020-10-18 21:25:15,Rain
126,Morondava,-20.28,44.28,74.53,90,16,6.6,MG,2020-10-18 21:28:53,Clouds
127,Dabakala,8.37,-4.43,77.76,81,82,2.89,CI,2020-10-18 21:28:53,Rain
128,Flinders,-34.58,150.86,59.0,87,86,1.99,AU,2020-10-18 21:28:53,Clouds
129,Olafsvik,64.89,-23.71,42.66,76,49,30.27,IS,2020-10-18 21:28:53,Clouds
130,Sinnamary,5.38,-52.95,82.87,74,57,9.64,GF,2020-10-18 21:25:26,Clouds
131,Pimentel,-6.84,-79.93,71.6,60,28,24.16,PE,2020-10-18 21:27:07,Clouds
132,Harper,4.38,-7.72,77.32,90,100,6.78,LR,2020-10-18 21:28:54,Rain
133,Bluff,-46.6,168.33,48.99,95,100,3.0,NZ,2020-10-18 21:28:54,Rain
134,Sainte-Maxime,43.3,6.63,51.8,87,0,1.12,FR,2020-10-18 21:28:54,Clear
135,Bathsheba,13.22,-59.52,84.2,74,40,5.82,BB,2020-10-18 21:28:26,Clouds
136,Torbay,47.67,-52.73,53.01,100,90,6.93,CA,2020-10-18 21:28:55,Clouds
137,Faanui,-16.48,-151.75,79.45,79,39,8.72,PF,2020-10-18 21:30:00,Clouds
138,Qaanaaq,77.48,-69.36,33.15,87,92,6.71,GL,2020-10-18 21:30:00,Clouds
139,Cape Town,-33.93,18.42,61.0,77,20,10.29,ZA,2020-10-18 21:29:00,Clouds
140,Emirdag,39.02,31.15,63.32,59,100,9.13,TR,2020-10-18 21:30:01,Rain
141,Isangel,-19.55,169.27,78.8,78,20,6.58,VU,2020-10-18 21:30:01,Clouds
142,Buraydah,26.33,43.98,69.8,22,0,3.36,SA,2020-10-18 21:26:27,Clear
143,Almansa,38.87,-1.1,54.0,77,66,2.77,ES,2020-10-18 21:30:01,Clouds
144,Cayhagan,9.67,122.43,79.32,82,80,6.17,PH,2020-10-18 21:30:01,Clouds
145,Esperance,-33.87,121.9,51.8,100,93,10.29,AU,2020-10-18 21:30:02,Clouds
146,Gornopravdinsk,60.05,69.9,28.06,98,92,7.72,RU,2020-10-18 21:30:02,Clouds
147,Pevek,69.7,170.31,24.82,94,97,16.82,RU,2020-10-18 21:30:02,Clouds
148,Kodiak,57.79,-152.41,48.2,61,75,9.17,US,2020-10-18 21:27:58,Clouds
149,Vestmanna,62.16,-7.17,39.2,93,100,3.36,FO,2020-10-18 21:30:02,Drizzle
150,Dhupgari,26.59,89.01,75.4,75,5,2.57,IN,2020-10-18 21:30:03,Clear
151,Sao Joao Da Barra,-21.64,-41.05,73.4,78,75,11.41,BR,2020-10-18 21:30:03,Clouds
152,Bay Roberts,47.6,-53.26,55.0,92,99,3.0,CA,2020-10-18 21:28:11,Clouds
153,Bethel,41.37,-73.41,57.99,58,20,10.29,US,2020-10-18 21:30:03,Clouds
154,Paharpur,32.1,70.97,71.53,21,0,2.89,PK,2020-10-18 21:30:03,Clear
155,Pangody,65.85,74.49,23.79,97,28,11.88,RU,2020-10-18 21:30:04,Clouds
156,Hsinchu,24.8,120.97,73.0,78,63,7.0,TW,2020-10-18 21:25:44,Clouds
157,Victoria,22.29,114.16,73.99,75,18,1.01,HK,2020-10-18 21:28:09,Clouds
158,Evensk,61.95,159.23,35.44,93,100,3.13,RU,2020-10-18 21:30:04,Rain
159,Linjiang,41.81,126.91,35.73,80,0,1.79,CN,2020-10-18 21:30:04,Clear
160,Dubbo,-32.25,148.62,51.8,87,5,5.95,AU,2020-10-18 21:30:04,Clear
161,Pasir Mas,6.05,102.14,77.0,100,20,3.36,MY,2020-10-18 21:30:06,Clouds
162,Poros,37.5,23.45,69.01,54,1,1.01,GR,2020-10-18 21:30:06,Clear
163,Okha,53.57,142.95,33.66,89,75,18.57,RU,2020-10-18 21:30:06,Clouds
164,Margate,51.38,1.39,51.01,83,60,5.86,GB,2020-10-18 21:30:06,Clouds
165,Port Keats,-14.25,129.55,83.39,76,28,6.55,AU,2020-10-18 21:30:07,Clouds
166,Noyabrsk,63.2,75.45,26.78,95,44,14.54,RU,2020-10-18 21:30:07,Clouds
167,Dovolnoye,54.5,79.67,29.77,94,22,7.07,RU,2020-10-18 21:30:07,Clouds
168,Port-Gentil,-0.72,8.78,78.8,88,90,10.29,GA,2020-10-18 21:30:07,Clouds
169,Esna,25.29,32.55,84.2,35,0,3.36,EG,2020-10-18 21:30:08,Clear
170,Chimoio,-19.12,33.48,66.2,100,5,10.29,MZ,2020-10-18 21:30:08,Clear
171,Huron,41.15,-82.55,54.0,83,96,8.01,US,2020-10-18 21:30:08,Clouds
172,Solnechnyy,50.72,136.63,28.45,76,100,4.25,RU,2020-10-18 21:30:08,Clouds
173,Biak,-0.91,122.88,76.23,82,96,5.59,ID,2020-10-18 21:30:09,Clouds
174,Olenino,56.21,33.49,38.77,86,99,10.38,RU,2020-10-18 21:30:09,Rain
175,Tuatapere,-46.13,167.68,48.99,95,100,3.0,NZ,2020-10-18 21:30:09,Clouds
176,Mahibadhoo,3.78,72.97,82.2,78,15,13.94,MV,2020-10-18 21:30:09,Clouds
177,Salinopolis,-0.61,-47.36,80.44,78,75,12.53,BR,2020-10-18 21:30:09,Clouds
178,Dunedin,-45.87,170.5,52.0,85,100,1.01,NZ,2020-10-18 21:28:47,Clouds
179,Anaconda,46.13,-112.94,39.2,86,90,4.7,US,2020-10-18 21:30:10,Rain
180,Grindavik,63.84,-22.43,41.0,86,20,20.8,IS,2020-10-18 21:30:10,Clouds
181,Luan,46.36,6.98,46.0,75,51,2.24,CH,2020-10-18 21:30:10,Clouds
182,Laguna,38.42,-121.42,91.0,18,1,6.93,US,2020-10-18 21:30:10,Clear
183,Adrar,20.5,-10.07,88.2,20,1,9.75,MR,2020-10-18 21:30:11,Clear
184,Nanortalik,60.14,-45.24,39.22,94,96,9.84,GL,2020-10-18 21:30:11,Clouds
185,Narsaq,60.92,-46.05,37.4,92,90,2.24,GL,2020-10-18 21:30:11,Clouds
186,Hilo,19.73,-155.09,78.8,78,90,10.29,US,2020-10-18 21:31:16,Rain
187,Codrington,-38.27,141.97,52.32,88,39,5.79,AU,2020-10-18 21:31:16,Clouds
188,Petatlan,17.52,-101.27,89.6,66,40,11.41,MX,2020-10-18 21:31:17,Clouds
189,Saskylakh,71.92,114.08,19.69,97,97,6.58,RU,2020-10-18 21:31:17,Clouds
190,Varhaug,58.61,5.65,42.8,70,40,6.93,NO,2020-10-18 21:31:17,Clouds
191,Alofi,-19.06,-169.92,75.2,94,90,11.41,NU,2020-10-18 21:31:17,Rain
192,Ransang,8.96,117.58,80.82,79,98,4.99,PH,2020-10-18 21:31:17,Clouds
193,Honiara,-9.43,159.95,78.8,88,75,3.36,SB,2020-10-18 21:31:17,Clouds
194,Chokurdakh,70.63,147.92,19.15,98,93,6.26,RU,2020-10-18 21:31:17,Clouds
195,Talnakh,69.49,88.4,15.8,92,90,4.47,RU,2020-10-18 21:31:18,Snow
196,Saint George,37.1,-113.58,87.01,10,1,9.17,US,2020-10-18 21:30:05,Clear
197,Sitka,57.05,-135.33,44.6,65,75,4.7,US,2020-10-18 21:31:18,Clouds
198,Christchurch,-43.53,172.63,61.0,76,100,3.36,NZ,2020-10-18 21:26:49,Clouds
199,Kenai,60.55,-151.26,36.0,84,40,8.05,US,2020-10-18 21:31:18,Rain
200,Las Vegas,36.17,-115.14,91.0,8,1,5.82,US,2020-10-18 21:30:50,Clear
201,Chara,56.91,118.26,18.59,89,87,0.51,RU,2020-10-18 21:31:18,Clouds
202,Longyearbyen,78.22,15.64,26.6,73,20,9.17,SJ,2020-10-18 21:31:19,Clouds
203,Saint Anthony,45.02,-93.22,35.6,50,90,8.05,US,2020-10-18 21:31:19,Clouds
204,Bonthe,7.53,-12.51,78.53,88,100,5.79,SL,2020-10-18 21:31:19,Clouds
205,Bekhtery,46.25,32.29,55.92,56,96,6.46,UA,2020-10-18 21:31:19,Clouds
206,South Lake Tahoe,38.93,-119.98,73.4,15,1,3.36,US,2020-10-18 21:31:19,Clear
207,San Patricio,28.02,-97.52,89.6,52,40,20.8,US,2020-10-18 21:31:19,Clouds
208,Usinsk,65.99,57.53,25.7,96,53,4.97,RU,2020-10-18 21:31:19,Clouds
209,Mangrol,21.12,70.12,81.82,84,92,6.06,IN,2020-10-18 21:31:19,Clouds
210,Mar Del Plata,-38.0,-57.56,69.8,83,40,5.82,AR,2020-10-18 21:31:16,Clouds
211,Yar-Sale,66.83,70.83,18.72,96,25,6.46,RU,2020-10-18 21:31:20,Clouds
212,Wanaka,-44.7,169.15,52.38,73,94,1.21,NZ,2020-10-18 21:31:20,Clouds
213,Arlit,18.74,7.39,91.99,12,0,5.93,NE,2020-10-18 21:31:20,Clear
214,Cidreira,-30.18,-50.21,68.13,84,52,22.15,BR,2020-10-18 21:31:20,Clouds
215,Morant Bay,17.88,-76.41,82.4,78,40,21.92,JM,2020-10-18 21:31:20,Rain
216,East London,-33.02,27.91,63.19,73,36,5.39,ZA,2020-10-18 21:31:20,Clouds
217,Makinsk,52.63,70.42,30.11,89,7,6.26,KZ,2020-10-18 21:31:20,Clear
218,Coihaique,-45.58,-72.07,41.0,75,90,5.82,CL,2020-10-18 21:31:21,Rain
219,Chapais,49.78,-74.85,46.4,75,90,16.11,CA,2020-10-18 21:31:21,Rain
220,Melaka,2.2,102.24,78.8,88,20,3.36,MY,2020-10-18 21:31:21,Clouds
221,Meppen,52.69,7.29,48.2,93,96,5.21,DE,2020-10-18 21:31:21,Clouds
222,Bengkulu,-3.8,102.27,74.89,92,100,4.97,ID,2020-10-18 21:31:22,Clouds
223,Gisborne,-38.65,178.0,61.45,69,72,6.89,NZ,2020-10-18 21:31:15,Clouds
224,Nyzhnya Duvanka,49.58,38.17,46.89,72,41,6.02,UA,2020-10-18 21:31:22,Clouds
225,Arraial Do Cabo,-22.97,-42.03,73.4,69,20,12.75,BR,2020-10-18 21:31:22,Clouds
226,Khatanga,71.97,102.5,7.21,85,33,8.25,RU,2020-10-18 21:31:22,Clouds
227,Upernavik,72.79,-56.15,30.16,90,18,9.82,GL,2020-10-18 21:31:22,Clouds
228,San Fernando,15.03,120.69,75.2,88,75,4.7,PH,2020-10-18 21:31:22,Clouds
229,Kota Bahru,6.13,102.24,75.2,100,20,3.36,MY,2020-10-18 21:32:28,Clouds
230,Plainview,40.78,-73.47,61.0,59,75,11.41,US,2020-10-18 21:29:29,Clouds
231,Fort Nelson,58.81,-122.7,26.6,53,5,5.55,CA,2020-10-18 21:30:05,Clear
232,Nara,34.69,135.8,57.0,93,75,2.24,JP,2020-10-18 21:32:28,Rain
233,North Bend,43.41,-124.22,75.99,77,40,8.05,US,2020-10-18 21:32:28,Clouds
234,Soyaux,45.65,0.2,50.0,87,57,4.7,FR,2020-10-18 21:32:28,Clouds
235,Tyup,42.73,78.36,42.26,58,0,2.06,KG,2020-10-18 21:32:28,Clear
236,Batagay,67.63,134.63,13.44,95,100,3.11,RU,2020-10-18 21:32:29,Clouds
237,Papenburg,53.07,7.4,48.2,93,100,5.44,DE,2020-10-18 21:32:29,Clouds
238,Ayan,56.45,138.17,25.99,85,74,17.85,RU,2020-10-18 21:32:29,Clouds
239,Daru,-9.08,143.21,80.11,84,100,10.51,PG,2020-10-18 21:32:29,Clouds
240,Muros,42.78,-9.06,57.99,55,99,7.9,ES,2020-10-18 21:32:29,Clouds
241,Carauari,-4.88,-66.9,82.85,74,73,1.86,BR,2020-10-18 21:32:29,Rain
242,Tutoia,-2.76,-42.27,79.95,76,89,10.78,BR,2020-10-18 21:32:29,Clouds
243,Sorland,67.67,12.69,33.8,80,19,5.82,NO,2020-10-18 21:32:30,Clouds
244,Shaunavon,49.65,-108.42,19.94,90,99,5.21,CA,2020-10-18 21:31:58,Clouds
245,Huarmey,-10.07,-78.15,66.76,71,49,10.13,PE,2020-10-18 21:32:30,Clouds
246,Saint Simons,31.14,-81.39,73.4,78,90,16.11,US,2020-10-18 21:31:59,Clouds
247,Marawi,8.0,124.29,73.99,93,100,5.99,PH,2020-10-18 21:32:30,Clouds
248,Shintomi,32.08,131.47,59.0,87,75,6.93,JP,2020-10-18 21:32:30,Rain
249,Fethiye,36.62,29.12,69.8,94,75,2.24,TR,2020-10-18 21:32:30,Clouds
250,Bosaso,11.28,49.18,81.16,41,0,3.91,SO,2020-10-18 21:32:31,Clear
251,Egvekinot,66.32,-179.17,26.42,88,70,3.94,RU,2020-10-18 21:32:31,Clouds
252,Ulcinj,41.93,19.22,55.4,58,0,3.36,ME,2020-10-18 21:32:31,Clear
253,Santa Lucia,27.91,-15.54,69.8,77,20,9.17,ES,2020-10-18 21:32:31,Clouds
254,Aripuana,-9.17,-60.63,76.06,86,100,1.43,BR,2020-10-18 21:32:31,Rain
255,Airai,-8.93,125.41,62.33,61,43,2.3,TL,2020-10-18 21:32:31,Clouds
256,Turayf,31.67,38.66,66.2,29,0,8.05,SA,2020-10-18 21:31:55,Clear
257,Saldanha,-33.01,17.94,57.2,76,100,4.7,ZA,2020-10-18 21:32:32,Clouds
258,Port Hawkesbury,45.62,-61.35,51.8,76,1,3.87,CA,2020-10-18 21:32:32,Clear
259,Goderich,43.75,-81.72,54.0,73,100,1.01,CA,2020-10-18 21:32:33,Clouds
260,Monster,52.03,4.17,52.0,90,100,5.01,NL,2020-10-18 21:32:33,Clouds
261,Guane,22.2,-84.09,82.33,78,26,7.07,CU,2020-10-18 21:32:33,Clouds
262,Poum,-20.23,164.02,74.07,72,0,16.75,NC,2020-10-18 21:31:24,Clear
263,Havre-Saint-Pierre,50.23,-63.6,44.6,56,20,4.12,CA,2020-10-18 21:32:34,Clouds
264,Kroya,-7.63,109.25,64.99,88,99,6.33,ID,2020-10-18 21:32:34,Rain
265,Shirokiy,49.76,129.52,30.76,89,96,5.26,RU,2020-10-18 21:32:02,Clouds
266,San Jose,37.34,-121.89,89.01,25,1,6.93,US,2020-10-18 21:29:33,Clear
267,Kamuli,0.95,33.12,65.19,97,100,2.04,UG,2020-10-18 21:32:34,Clouds
268,Bakewar,26.67,79.18,75.99,32,1,4.23,IN,2020-10-18 21:32:34,Clear
269,Belmonte,-15.86,-38.88,73.4,83,75,6.93,BR,2020-10-18 21:32:34,Rain
270,Ulundi,-28.34,31.42,67.15,78,100,5.35,ZA,2020-10-18 21:32:35,Clouds
271,Grand Haven,43.06,-86.23,43.0,95,100,13.53,US,2020-10-18 21:32:35,Clouds
272,Tromso,69.65,18.96,30.2,86,20,13.87,NO,2020-10-18 21:32:35,Clouds
273,Manavalakurichi,8.13,77.3,80.6,83,20,10.36,IN,2020-10-18 21:32:35,Mist
274,Atar,20.52,-13.05,90.54,24,0,9.46,MR,2020-10-18 21:32:35,Clear
275,Luderitz,-26.65,15.16,63.84,53,0,19.19,NA,2020-10-18 21:32:35,Clear
276,Sankt Valentin,48.17,14.52,42.8,100,90,1.12,AT,2020-10-18 21:33:41,Clouds
277,Saint-Francois,46.42,3.91,42.01,100,41,2.24,FR,2020-10-18 21:33:41,Clouds
278,Thompson,55.74,-97.86,32.0,92,75,8.05,CA,2020-10-18 21:33:41,Snow
279,Mount Isa,-20.73,139.5,80.6,32,0,6.93,AU,2020-10-18 21:33:00,Clear
280,Harsin,34.27,47.59,48.2,12,0,1.28,IR,2020-10-18 21:33:41,Clear
281,Lyangasovo,58.52,49.45,43.77,91,95,11.7,RU,2020-10-18 21:33:41,Clouds
282,Spirit River,55.78,-118.84,23.0,57,40,5.82,CA,2020-10-18 21:33:41,Clouds
283,Lavrentiya,65.58,-171.0,36.3,86,32,4.07,RU,2020-10-18 21:33:42,Clouds
284,Porto Empedocle,37.29,13.53,57.0,88,25,7.0,IT,2020-10-18 21:33:42,Clouds
285,Mpika,-11.83,31.45,65.21,57,7,5.77,ZM,2020-10-18 21:33:42,Clear
286,Saint-Georges,12.06,-61.75,86.0,79,20,9.17,GD,2020-10-18 21:30:46,Clouds
287,Georgiyevka,43.04,74.71,48.2,45,0,6.71,KZ,2020-10-18 21:33:42,Clear
288,Brae,60.4,-1.35,41.0,86,100,9.17,GB,2020-10-18 21:33:43,Rain
289,Dongying,37.46,118.49,56.07,38,76,2.75,CN,2020-10-18 21:33:43,Clouds
290,Rio Claro,-22.41,-47.56,75.22,59,94,6.71,BR,2020-10-18 21:33:36,Clouds
291,Taltal,-25.4,-70.48,62.46,64,23,4.61,CL,2020-10-18 21:30:20,Clouds
292,Angoche,-16.23,39.91,72.23,86,4,3.47,MZ,2020-10-18 21:33:43,Clear
293,Lahaina,20.88,-156.68,89.6,62,75,10.29,US,2020-10-18 21:33:43,Clouds
294,Gradignan,44.77,-0.61,50.0,87,85,4.45,FR,2020-10-18 21:33:43,Clouds
295,Tiznit,29.58,-9.5,68.59,36,94,5.23,MA,2020-10-18 21:33:44,Clouds
296,Mbini,1.57,9.61,78.8,100,40,4.65,GQ,2020-10-18 21:33:44,Clouds
297,Castro,-24.79,-50.01,61.45,90,87,7.67,BR,2020-10-18 21:33:44,Clouds
298,Rosetown,51.55,-108.0,24.01,50,0,5.99,CA,2020-10-18 21:31:34,Clear
299,Agadez,19.75,10.25,84.4,14,0,7.49,NE,2020-10-18 21:33:44,Clear
300,Bambous Virieux,-20.34,57.76,73.4,73,20,10.29,MU,2020-10-18 21:33:44,Clouds
301,Tongren,27.72,109.19,53.92,81,95,1.72,CN,2020-10-18 21:33:44,Rain
302,Lasa,46.62,10.7,41.0,72,5,1.99,IT,2020-10-18 21:33:44,Clear
303,Klaksvik,62.23,-6.59,39.2,93,100,3.36,FO,2020-10-18 21:33:45,Drizzle
304,Houma,29.6,-90.72,84.0,69,40,6.93,US,2020-10-18 21:33:45,Clouds
305,Manono,-7.3,27.42,72.28,80,0,1.86,CD,2020-10-18 21:33:45,Clear
306,Karratha,-20.74,116.85,62.26,91,1,10.13,AU,2020-10-18 21:33:45,Clear
307,Ukiah,39.15,-123.21,91.99,18,1,4.7,US,2020-10-18 21:29:07,Clear
308,Qaqortoq,60.72,-46.03,37.4,98,89,2.24,GL,2020-10-18 21:33:45,Clouds
309,Comodoro Rivadavia,-45.87,-67.5,64.4,20,40,36.91,AR,2020-10-18 21:30:01,Dust
310,Hirara,24.8,125.28,77.85,80,49,21.12,JP,2020-10-18 21:33:45,Clouds
311,Surt,31.21,16.59,71.73,68,100,12.97,LY,2020-10-18 21:30:23,Clouds
312,Vestmannaeyjar,63.44,-20.27,44.13,70,18,18.59,IS,2020-10-18 21:33:46,Clouds
313,Chaozhou,23.67,116.64,69.8,77,30,6.71,CN,2020-10-18 21:33:46,Clouds
314,Sibolga,1.74,98.78,76.98,73,100,2.73,ID,2020-10-18 21:33:46,Rain
315,Vulcan,45.38,23.27,37.17,81,42,5.5,RO,2020-10-18 21:33:46,Clouds
316,Plettenberg Bay,-34.05,23.37,57.61,81,53,2.77,ZA,2020-10-18 21:33:46,Clouds
317,Vila Velha,-20.33,-40.29,71.6,88,90,3.36,BR,2020-10-18 21:33:47,Clouds
318,Alihe,50.57,123.72,29.75,93,0,1.86,CN,2020-10-18 21:33:47,Clear
319,Tripoli,32.88,13.19,69.85,52,1,6.71,LY,2020-10-18 21:30:18,Clear
320,Shenjiamen,29.96,122.3,65.77,66,58,14.72,CN,2020-10-18 21:34:52,Clouds
321,Redcar,54.62,-1.06,48.0,89,88,4.0,GB,2020-10-18 21:32:13,Clouds
322,Nelson Bay,-32.72,152.15,64.0,93,90,10.29,AU,2020-10-18 21:34:52,Drizzle
323,Isla Mujeres,21.23,-86.73,86.0,70,40,14.99,MX,2020-10-18 21:34:52,Clouds
324,Almonte,37.26,-6.52,66.99,39,34,4.7,ES,2020-10-18 21:33:54,Clouds
325,Padang,-0.95,100.35,77.76,77,86,3.51,ID,2020-10-18 21:34:52,Clouds
326,Draguignan,43.53,6.47,51.8,87,0,1.12,FR,2020-10-18 21:34:53,Clear
327,Tilichiki,60.47,166.1,37.74,80,100,13.51,RU,2020-10-18 21:34:53,Clouds
328,Ulagan,50.63,87.96,25.14,92,100,4.34,RU,2020-10-18 21:34:53,Snow
329,Novoshakhtinsk,47.76,39.93,60.8,59,20,6.71,RU,2020-10-18 21:34:53,Clouds
330,Sao Filipe,14.9,-24.5,80.6,80,42,8.5,CV,2020-10-18 21:34:53,Clouds
331,Gondar,12.6,37.47,56.43,67,0,4.14,ET,2020-10-18 21:34:53,Clear
332,Churapcha,62.0,132.43,10.11,95,92,6.35,RU,2020-10-18 21:34:54,Snow
333,Hauterive,46.09,3.45,41.0,80,0,2.24,FR,2020-10-18 21:31:24,Clear
334,Montepuez,-13.13,39.0,69.28,80,0,6.73,MZ,2020-10-18 21:34:54,Clear
335,Ponta Do Sol,32.67,-17.1,73.4,83,75,27.51,PT,2020-10-18 21:34:54,Rain
336,Maniitsoq,65.42,-52.9,40.08,88,83,14.56,GL,2020-10-18 21:34:54,Clouds
337,Zhezkazgan,47.8,67.71,43.12,57,0,8.61,KZ,2020-10-18 21:34:54,Clear
338,Tiksi,71.69,128.87,16.43,95,99,14.05,RU,2020-10-18 21:34:54,Clouds
339,Mayo,38.89,-76.51,64.99,63,20,6.93,US,2020-10-18 21:34:54,Clouds
340,San Quintin,30.48,-115.95,80.65,44,89,19.26,MX,2020-10-18 21:34:55,Clouds
341,Balkhash,46.84,74.98,41.9,64,0,17.07,KZ,2020-10-18 21:34:55,Clear
342,Kapit,2.02,112.93,72.97,94,90,1.12,MY,2020-10-18 21:32:54,Rain
343,Bogorodskoye,56.55,37.88,34.48,89,89,12.8,RU,2020-10-18 21:34:55,Clouds
344,Yuxia,34.06,108.63,52.0,100,0,2.24,CN,2020-10-18 21:34:55,Mist
345,Batagay-Alyta,67.8,130.41,14.95,88,99,3.65,RU,2020-10-18 21:34:55,Clouds
346,Caravelas,-17.71,-39.25,72.88,81,66,8.55,BR,2020-10-18 21:34:55,Clouds
347,Hammerfest,70.66,23.68,32.0,86,40,9.17,NO,2020-10-18 21:33:01,Clouds
348,Aklavik,68.22,-135.01,17.6,67,5,3.36,CA,2020-10-18 21:34:56,Clear
349,Havelock,34.88,-76.9,73.0,68,5,12.75,US,2020-10-18 21:34:56,Clear
350,Mount Gambier,-37.83,140.77,50.0,100,90,5.82,AU,2020-10-18 21:30:55,Clouds
351,Pirapo,-26.85,-55.53,89.6,33,7,5.82,PY,2020-10-18 21:34:56,Clear
352,Vostok,46.49,135.88,24.49,91,0,4.09,RU,2020-10-18 21:34:56,Clear
353,Ambon,-3.7,128.18,75.2,94,40,9.17,ID,2020-10-18 21:34:56,Clouds
354,Toora-Khem,52.47,96.11,32.92,89,100,11.72,RU,2020-10-18 21:34:56,Clouds
355,Mathathane,-22.27,28.75,82.98,25,0,7.0,BW,2020-10-18 21:30:45,Clear
356,Ust-Kuyga,70.02,135.6,20.21,96,100,5.82,RU,2020-10-18 21:34:57,Snow
357,Haines Junction,60.75,-137.51,25.77,78,100,0.67,CA,2020-10-18 21:34:57,Clouds
358,Navolato,24.77,-107.69,98.01,62,1,8.01,MX,2020-10-18 21:34:57,Clear
359,Portland,45.52,-122.68,66.99,68,75,10.29,US,2020-10-18 21:32:17,Clouds
360,Nola,40.92,14.53,55.99,82,20,3.36,IT,2020-10-18 21:34:57,Clouds
361,Kamenka,51.32,42.77,46.99,78,98,7.78,RU,2020-10-18 21:34:57,Clouds
362,Pisco,-13.7,-76.22,66.2,77,90,5.82,PE,2020-10-18 21:34:57,Clouds
363,Wad Madani,14.4,33.52,84.56,37,0,2.62,SD,2020-10-18 21:34:57,Clear
364,Wadi Musa,30.32,35.48,57.79,69,0,0.56,JO,2020-10-18 21:34:58,Clear
365,Dawei,14.08,98.2,71.51,94,100,6.53,MM,2020-10-18 21:34:58,Clouds
366,Vallenar,-28.57,-70.76,78.49,25,0,6.13,CL,2020-10-18 21:34:58,Clear
367,Sarakhs,36.54,61.16,51.8,43,0,2.24,IR,2020-10-18 21:34:58,Clear
368,Parkes,-33.13,148.18,54.0,85,0,1.99,AU,2020-10-18 21:36:03,Clear
369,Itamaraju,-17.04,-39.53,70.52,89,91,5.03,BR,2020-10-18 21:36:03,Clouds
370,Ischia,40.73,13.95,59.0,72,5,8.05,IT,2020-10-18 21:36:04,Clear
371,Ploemeur,47.73,-3.43,48.99,87,100,5.82,FR,2020-10-18 21:36:04,Clouds
372,Marmora,44.46,7.09,52.0,93,48,3.36,IT,2020-10-18 21:36:04,Clouds
373,Vysokogornyy,50.12,139.15,22.77,85,0,10.04,RU,2020-10-18 21:36:04,Clear
374,Kargat,55.2,80.28,29.71,94,0,9.78,RU,2020-10-18 21:36:04,Clear
375,Nyurba,63.28,118.33,13.57,94,0,4.09,RU,2020-10-18 21:36:04,Clear
376,Mae Sai,20.43,99.88,69.8,100,20,9.17,TH,2020-10-18 21:36:04,Clouds
377,Jizan,17.33,42.67,86.0,70,0,2.62,SA,2020-10-18 21:36:04,Clear
378,Rio Gallegos,-51.62,-69.22,53.6,23,75,23.04,AR,2020-10-18 21:34:00,Rain
379,Eureka,40.8,-124.16,70.0,69,11,4.0,US,2020-10-18 21:36:05,Clouds
380,Neryungri,56.67,124.65,5.41,89,0,2.86,RU,2020-10-18 21:36:05,Clear
381,Geraldton,-28.77,114.6,59.0,87,90,3.36,AU,2020-10-18 21:36:05,Clouds
382,Muisne,0.6,-80.03,80.6,83,90,10.29,EC,2020-10-18 21:36:05,Clouds
383,Pampas,-12.4,-74.9,56.59,62,67,6.11,PE,2020-10-18 21:36:05,Rain
384,Siemiatycze,52.43,22.86,39.99,88,49,7.67,PL,2020-10-18 21:36:05,Clouds
385,Bang Saphan,11.21,99.51,74.41,93,92,0.78,TH,2020-10-18 21:36:06,Clouds
386,Grover Beach,35.12,-120.62,88.0,34,1,9.17,US,2020-10-18 21:36:06,Clear
387,Russell,32.35,-85.2,78.8,47,1,4.7,US,2020-10-18 21:35:37,Clear
388,La Brea,15.8,-85.97,83.19,69,72,5.23,HN,2020-10-18 21:36:06,Clouds
389,Itarema,-2.92,-39.92,79.2,77,89,14.97,BR,2020-10-18 21:36:06,Clouds
390,La Paz,-16.5,-68.15,46.4,65,75,18.34,BO,2020-10-18 21:36:06,Thunderstorm
391,Batemans Bay,-35.72,150.18,57.0,77,89,2.17,AU,2020-10-18 21:36:06,Clouds
392,Mtwara,-10.27,40.18,74.64,89,4,6.76,TZ,2020-10-18 21:36:06,Clear
393,Motygino,58.18,94.76,29.44,94,98,14.18,RU,2020-10-18 21:36:07,Clouds
394,Johannesburg,-26.2,28.04,77.0,40,90,5.82,ZA,2020-10-18 21:35:57,Clouds
395,Luorong,24.41,109.61,58.62,77,67,8.9,CN,2020-10-18 21:36:07,Rain
396,Raudeberg,61.99,5.14,39.2,66,20,5.82,NO,2020-10-18 21:36:07,Clouds
397,Constitucion,-35.33,-72.42,55.76,62,0,14.67,CL,2020-10-18 21:36:07,Clear
398,Vanderhoof,54.02,-124.02,31.53,95,100,4.03,CA,2020-10-18 21:35:45,Snow
399,Touros,-5.2,-35.46,78.8,78,20,10.29,BR,2020-10-18 21:34:36,Clouds
400,Alyangula,-13.85,136.42,68.0,100,20,4.7,AU,2020-10-18 21:36:07,Clouds
401,Los Teques,10.34,-67.04,68.23,98,4,1.79,VE,2020-10-18 21:36:08,Clear
402,Coquimbo,-29.95,-71.34,59.0,77,0,9.17,CL,2020-10-18 21:36:08,Clear
403,Chau Doc,10.7,105.12,76.51,89,100,3.13,VN,2020-10-18 21:36:08,Rain
404,Cap Malheureux,-19.98,57.61,72.0,74,0,1.99,MU,2020-10-18 21:36:08,Clear
405,Pyapon,16.28,95.68,75.81,91,89,7.58,MM,2020-10-18 21:36:08,Clouds
406,Qarqin,37.42,66.04,56.75,35,0,5.57,AF,2020-10-18 21:36:08,Clear
407,Larsnes,62.2,5.58,37.0,92,100,2.53,NO,2020-10-18 21:36:08,Rain
408,Dapitan,8.65,123.42,77.0,94,87,4.25,PH,2020-10-18 21:36:09,Rain
409,Kahului,20.89,-156.47,89.6,46,40,6.93,US,2020-10-18 21:34:58,Clouds
410,Tungor,53.38,142.96,32.22,95,83,15.03,RU,2020-10-18 21:36:09,Clouds
411,San Juan,-31.54,-68.54,92.98,13,0,11.41,AR,2020-10-18 21:36:09,Clear
412,Rypefjord,70.63,23.67,32.0,87,40,9.17,NO,2020-10-18 21:36:09,Clouds
413,Miri,4.41,114.01,77.0,88,40,10.29,MY,2020-10-18 21:32:48,Clouds
414,Tongzi,28.78,105.09,57.33,88,100,1.41,CN,2020-10-18 21:36:09,Rain
415,Mollendo,-17.02,-72.01,62.71,75,91,4.23,PE,2020-10-18 21:36:10,Clouds
416,Batticaloa,7.71,81.69,77.81,86,80,7.29,LK,2020-10-18 21:36:10,Rain
417,Miguel Hidalgo,19.42,-99.2,77.0,31,40,6.93,MX,2020-10-18 21:36:10,Clouds
418,Aksu,41.12,80.26,47.23,50,0,1.52,CN,2020-10-18 21:37:15,Clear
419,Shostka,51.86,33.47,44.01,75,97,10.4,UA,2020-10-18 21:37:15,Clouds
420,Vila Franca Do Campo,37.72,-25.43,60.8,59,20,9.17,PT,2020-10-18 21:37:15,Clouds
421,Iskateley,67.68,53.15,28.26,96,22,1.97,RU,2020-10-18 21:37:15,Clouds
422,Tasiilaq,65.61,-37.64,33.8,80,69,8.05,GL,2020-10-18 21:37:16,Clouds
423,Hualmay,-11.1,-77.61,65.01,73,20,9.55,PE,2020-10-18 21:37:16,Clouds
424,Dourbali,11.81,15.86,85.51,27,1,1.68,TD,2020-10-18 21:37:16,Clear
425,Taungdwingyi,20.02,95.55,73.94,90,90,2.42,MM,2020-10-18 21:37:16,Clouds
426,Alexandria,31.22,29.96,75.2,78,0,5.82,EG,2020-10-18 21:37:16,Clear
427,Verkhoyansk,67.54,133.38,14.85,95,100,5.75,RU,2020-10-18 21:37:16,Clouds
428,Madimba,-10.4,40.33,74.43,89,2,6.42,TZ,2020-10-18 21:37:16,Clear
429,Biltine,14.53,20.92,85.6,15,0,8.28,TD,2020-10-18 21:37:17,Clear
430,Ardakan,32.31,54.02,55.4,15,0,4.7,IR,2020-10-18 21:37:17,Clear
431,Faya,18.39,42.45,60.8,21,0,6.93,SA,2020-10-18 21:36:52,Clear
432,Bryan,30.67,-96.37,89.6,43,1,13.87,US,2020-10-18 21:34:17,Clear
433,Ahipara,-35.17,173.17,64.67,71,16,11.41,NZ,2020-10-18 21:37:17,Clouds
434,Douglas,41.3,-96.17,44.01,45,1,6.93,US,2020-10-18 21:37:17,Clear
435,Lata,40.16,-8.33,63.0,62,74,3.36,PT,2020-10-18 21:37:18,Clouds
436,Kununurra,-15.77,128.73,78.8,94,85,12.12,AU,2020-10-18 21:37:18,Clouds
437,Somerset East,-32.72,25.59,53.29,82,77,7.83,ZA,2020-10-18 21:37:18,Clouds
438,Palmer,42.16,-72.33,60.8,36,75,6.93,US,2020-10-18 21:37:18,Clouds
439,Kosino,58.41,51.28,43.7,97,100,11.7,RU,2020-10-18 21:37:18,Rain
440,Baruun-Urt,46.68,113.28,34.74,76,0,9.08,MN,2020-10-18 21:37:18,Clear
441,Yenagoa,4.92,6.26,76.05,93,15,3.8,NG,2020-10-18 21:37:18,Clouds
442,Bilibino,68.05,166.44,16.3,94,90,2.19,RU,2020-10-18 21:37:19,Clouds
443,Kitimat,54.05,-128.65,43.0,81,100,1.39,CA,2020-10-18 21:37:19,Clouds
444,North Las Vegas,36.2,-115.12,90.0,8,1,5.82,US,2020-10-18 21:37:19,Clear
445,Dahod,22.83,74.27,77.86,81,42,5.06,IN,2020-10-18 21:37:19,Clouds
446,Pasighat,28.07,95.33,71.6,79,0,3.15,IN,2020-10-18 21:37:19,Clear
447,San Jeronimo,-11.95,-75.28,55.81,60,42,4.74,PE,2020-10-18 21:37:20,Rain
448,Peniche,39.36,-9.38,61.0,75,100,5.99,PT,2020-10-18 21:37:20,Clouds
449,Gat,31.61,34.76,75.0,80,0,3.27,IL,2020-10-18 21:37:20,Clear
450,Kayerkan,69.35,87.76,15.8,92,90,4.47,RU,2020-10-18 21:37:20,Snow
451,Shingu,33.73,135.98,60.76,71,100,5.12,JP,2020-10-18 21:32:49,Rain
452,Brigantine,39.41,-74.36,63.0,63,90,9.17,US,2020-10-18 21:37:20,Clouds
453,Libertador General San Martin,-23.81,-64.79,100.0,21,0,4.0,AR,2020-10-18 21:37:20,Clear
454,Kruisfontein,-34.0,24.73,54.0,88,19,1.01,ZA,2020-10-18 21:37:21,Clouds
455,Turukhansk,65.82,87.98,17.94,97,100,14.67,RU,2020-10-18 21:37:21,Snow
456,Okhotsk,59.38,143.3,24.78,84,23,17.72,RU,2020-10-18 21:37:21,Clouds
457,Sakakah,29.97,40.21,73.4,15,0,6.93,SA,2020-10-18 21:37:21,Clear
458,Chicama,-7.84,-79.15,66.2,77,53,11.41,PE,2020-10-18 21:37:21,Clouds
459,Tocopilla,-22.09,-70.2,65.19,50,22,5.75,CL,2020-10-18 21:37:21,Clouds
460,Seoul,37.57,126.98,48.2,100,1,1.28,KR,2020-10-18 21:32:47,Mist
461,Swan River,52.11,-101.27,31.95,80,70,12.8,CA,2020-10-18 21:37:22,Clouds
462,Port Blair,11.67,92.75,80.29,83,100,14.99,IN,2020-10-18 21:37:22,Rain
463,Trindade,-16.65,-49.49,75.2,69,90,9.17,BR,2020-10-18 21:35:31,Thunderstorm
464,Nobres,-14.72,-56.33,79.05,69,80,2.89,BR,2020-10-18 21:35:15,Rain
465,Tomigusuku,26.18,127.67,77.0,83,20,9.17,JP,2020-10-18 21:38:27,Clouds
466,San Diego De La Union,21.47,-100.87,79.0,31,3,10.36,MX,2020-10-18 21:38:27,Clear
467,Pandan,14.05,124.17,81.21,86,100,12.62,PH,2020-10-18 21:38:27,Clouds
468,Guarapari,-20.67,-40.5,71.6,88,90,3.36,BR,2020-10-18 21:38:27,Clouds
469,Jha Jha,24.77,86.37,75.38,64,11,2.35,IN,2020-10-18 21:38:28,Clouds
470,Arrecife,28.96,-13.55,69.8,77,40,4.7,ES,2020-10-18 21:33:34,Clouds
471,Gravdal,68.12,13.5,33.8,80,14,5.82,NO,2020-10-18 21:38:28,Clouds
472,Poya,-21.35,165.15,74.8,56,0,4.9,NC,2020-10-18 21:38:28,Clear
473,Mariental,-24.63,17.97,76.39,18,28,11.07,NA,2020-10-18 21:38:28,Clouds
474,Sahuaripa,29.05,-109.23,97.02,15,0,4.25,MX,2020-10-18 21:38:28,Clear
475,Davila,18.47,120.58,75.2,94,20,2.24,PH,2020-10-18 21:38:28,Clouds
476,Kovdor,67.57,30.48,30.27,97,100,11.21,RU,2020-10-18 21:38:29,Clouds
477,Bambari,5.77,20.68,72.36,91,86,4.27,CF,2020-10-18 21:38:29,Rain
478,Syamzha,60.02,41.06,34.32,96,100,8.79,RU,2020-10-18 21:38:29,Clouds
479,Chuy,-33.7,-53.46,67.93,74,0,8.84,UY,2020-10-18 21:38:29,Clear
480,Havoysund,71.0,24.66,32.0,79,40,9.17,NO,2020-10-18 21:38:29,Clouds
481,Saiha,22.48,92.97,70.32,94,100,2.39,IN,2020-10-18 21:38:29,Clouds
482,Kirakira,-10.45,161.92,83.68,74,97,7.45,SB,2020-10-18 21:38:29,Rain
483,Omboue,-1.57,9.26,76.89,89,95,8.34,GA,2020-10-18 21:38:29,Clouds
484,Ponta Delgada,37.73,-25.67,60.8,59,20,9.17,PT,2020-10-18 21:36:16,Clouds
485,Lakes Entrance,-37.88,147.98,55.99,74,2,1.01,AU,2020-10-18 21:38:30,Clear
486,Nekhayevskiy,50.41,41.76,48.0,77,100,1.01,RU,2020-10-18 21:38:30,Clouds
487,Bisho,-32.85,27.44,51.91,95,7,2.62,ZA,2020-10-18 21:38:30,Clear
488,Warora,20.23,79.0,76.08,87,100,3.36,IN,2020-10-18 21:38:30,Clouds
489,Ensley,30.52,-87.27,81.0,69,1,9.17,US,2020-10-18 21:38:30,Clear
490,Juegang,32.32,121.19,58.23,63,64,5.77,CN,2020-10-18 21:38:30,Rain
491,Lar,26.2,83.97,73.58,53,0,2.3,IN,2020-10-18 21:38:31,Clear
492,Strezhevoy,60.73,77.59,28.4,79,74,6.71,RU,2020-10-18 21:38:31,Clouds
493,Bayanday,53.07,105.51,35.94,80,100,1.7,RU,2020-10-18 21:38:31,Clouds
494,Bardiyah,31.76,25.09,77.16,43,39,7.43,LY,2020-10-18 21:38:31,Clouds
495,Nhulunbuy,-12.23,136.77,73.4,83,37,10.76,AU,2020-10-18 21:38:31,Clouds
496,Sangar,63.92,127.47,13.08,96,98,5.14,RU,2020-10-18 21:38:31,Clouds
497,Tocantins,-10.5,-48.0,91.4,55,20,3.36,BR,2020-10-18 21:38:31,Clouds
498,Nome,64.5,-165.41,39.2,93,90,10.29,US,2020-10-18 21:38:31,Clouds
499,Svetlogorsk,52.63,29.73,43.79,87,92,12.5,BY,2020-10-18 21:38:32,Clouds
500,Lagdo,9.05,13.73,80.6,88,2,2.24,CM,2020-10-18 21:38:32,Clear
501,Jeremie,18.65,-74.12,82.22,73,98,3.91,HT,2020-10-18 21:37:44,Rain
502,Opuwo,-18.06,13.84,72.81,21,0,2.68,NA,2020-10-18 21:38:32,Clear
503,Veere,51.55,3.67,51.8,87,69,4.7,NL,2020-10-18 21:38:32,Clouds
504,Beyneu,45.32,55.2,54.7,37,0,13.78,KZ,2020-10-18 21:38:32,Clear
505,Makakilo City,21.35,-158.09,84.2,70,20,10.29,US,2020-10-18 21:35:14,Clouds
506,Rocha,-34.48,-54.33,72.77,87,2,4.81,UY,2020-10-18 21:38:32,Clear
507,Komsomolskiy,40.43,71.72,51.8,57,0,9.17,UZ,2020-10-18 21:38:32,Clear
508,Qasigiannguit,68.82,-51.19,42.8,52,100,6.93,GL,2020-10-18 21:38:33,Clouds
509,Hasaki,35.73,140.83,50.0,100,75,2.24,JP,2020-10-18 21:38:33,Clouds
510,Matara,5.95,80.54,77.99,87,90,10.31,LK,2020-10-18 21:38:33,Clouds
511,Shubarkuduk,49.14,56.49,53.28,37,0,11.36,KZ,2020-10-18 21:38:33,Clear
512,Almenara,-16.18,-40.69,73.6,76,95,4.81,BR,2020-10-18 21:38:33,Clouds
513,Kalmunai,7.42,81.82,78.1,83,91,3.74,LK,2020-10-18 21:39:38,Clouds
514,Lebyazhye,55.27,66.49,35.65,78,50,13.51,RU,2020-10-18 21:39:38,Clouds
515,Cuamba,-14.8,36.54,73.17,35,39,3.31,MZ,2020-10-18 21:39:39,Clouds
516,Santa Maria,-29.68,-53.81,72.79,62,0,5.55,BR,2020-10-18 21:39:39,Clear
517,Balikpapan,-1.27,116.83,73.4,100,75,9.17,ID,2020-10-18 21:39:39,Rain
518,Cockburn Town,21.46,-71.14,82.6,77,100,15.46,TC,2020-10-18 21:39:39,Clouds
519,Ilulissat,69.22,-51.1,42.8,52,100,6.93,GL,2020-10-18 21:35:20,Clouds
520,Boyolangu,-8.12,111.89,75.67,88,98,4.9,ID,2020-10-18 21:39:40,Clouds
521,Casper,42.87,-106.31,37.4,64,1,8.05,US,2020-10-18 21:39:40,Clear
522,Sochi,43.6,39.73,64.4,68,100,4.47,RU,2020-10-18 21:35:09,Rain
523,Srednekolymsk,67.45,153.68,22.98,98,82,2.37,RU,2020-10-18 21:39:40,Clouds
524,Iwanai,42.97,140.51,50.34,69,45,6.29,JP,2020-10-18 21:39:40,Clouds
525,Sao Jose Da Coroa Grande,-8.9,-35.15,75.52,76,82,9.13,BR,2020-10-18 21:39:40,Clouds
526,Adwa,14.16,38.9,60.13,58,0,2.21,ET,2020-10-18 21:39:41,Clear
527,Marzuq,14.4,46.47,66.29,26,0,3.02,YE,2020-10-18 21:39:41,Clear
528,Matagami,49.75,-77.63,41.0,93,90,11.41,CA,2020-10-18 21:39:41,Rain
529,Guerrero Negro,27.98,-114.06,82.08,47,96,13.02,MX,2020-10-18 21:39:41,Clouds
530,Khani,41.96,42.96,55.4,93,13,1.12,GE,2020-10-18 21:39:41,Clouds
531,Forbes,-33.38,148.02,57.69,64,0,2.21,AU,2020-10-18 21:39:41,Clear
532,Ushtobe,45.25,77.98,46.76,50,0,5.19,KZ,2020-10-18 21:39:41,Clear
533,Texarkana,33.43,-94.05,79.0,65,40,11.41,US,2020-10-18 21:39:42,Clouds
534,Te Anau,-45.42,167.72,44.96,92,100,3.83,NZ,2020-10-18 21:39:42,Rain
535,Coahuayana,18.73,-103.68,84.2,70,75,11.41,MX,2020-10-18 21:39:42,Clouds
536,Vanimo,-2.67,141.3,80.31,78,100,4.83,PG,2020-10-18 21:39:42,Rain
537,Teacapan,22.55,-105.75,87.3,71,13,11.16,MX,2020-10-18 21:39:42,Clouds
538,Shvartsevskiy,54.1,37.99,38.89,75,100,14.81,RU,2020-10-18 21:39:42,Clouds
539,Corinth,37.94,22.96,62.01,47,7,3.27,GR,2020-10-18 21:39:42,Clear
540,Zhireken,52.82,117.31,28.99,97,49,3.4,RU,2020-10-18 21:39:43,Clouds
541,Sisimiut,66.94,-53.67,39.92,78,100,6.53,GL,2020-10-18 21:39:43,Clouds
542,Kiama,-34.68,150.87,59.0,87,65,1.99,AU,2020-10-18 21:39:43,Clouds
543,Puerto Carreno,6.19,-67.49,85.55,67,62,2.89,CO,2020-10-18 21:39:43,Clouds
544,Staroaleyskoye,51.01,82.0,31.39,91,0,2.71,RU,2020-10-18 21:39:43,Clear
545,Rawson,-43.3,-65.1,70.14,22,35,27.29,AR,2020-10-18 21:39:43,Clouds
546,Nakskov,54.84,11.13,48.99,77,13,1.01,DK,2020-10-18 21:39:43,Clouds
547,Bobo Dioulasso,11.18,-4.3,82.4,78,77,4.38,BF,2020-10-18 21:39:44,Rain
548,Altay,47.87,88.12,40.14,69,99,2.44,CN,2020-10-18 21:39:44,Clouds
549,Umm Lajj,25.02,37.27,84.54,43,0,5.95,SA,2020-10-18 21:39:44,Clear
550,Asau,46.43,26.4,50.0,87,59,6.93,RO,2020-10-18 21:39:44,Clouds
551,Cayon,17.35,-62.73,84.2,78,20,6.93,KN,2020-10-18 21:39:44,Clouds
552,Tsiroanomandidy,-18.77,46.03,70.16,68,99,5.46,MG,2020-10-18 21:39:44,Rain
553,Ballina,-28.87,153.57,66.2,88,75,4.7,AU,2020-10-18 21:39:45,Clouds
554,Belyy Yar,53.6,91.39,35.6,51,92,11.18,RU,2020-10-18 21:39:45,Clouds
555,Aranos,-24.13,19.12,73.44,19,0,6.96,NA,2020-10-18 21:39:45,Clear
556,Machico,32.7,-16.77,73.4,83,75,27.51,PT,2020-10-18 21:39:45,Rain
557,Manokwari,-0.87,134.08,80.26,75,100,4.85,ID,2020-10-18 21:39:45,Rain
558,Atasu,48.68,71.64,35.62,74,0,8.41,KZ,2020-10-18 21:40:50,Clear
559,Yambio,4.57,28.4,67.73,97,69,1.63,SS,2020-10-18 21:40:51,Clouds
560,Moranbah,-22.0,148.05,70.66,63,0,4.65,AU,2020-10-18 21:40:51,Clear
561,Rantepao,-2.97,119.9,66.33,79,100,1.74,ID,2020-10-18 21:40:51,Clouds
562,Tapes,-30.67,-51.4,67.51,83,2,10.78,BR,2020-10-18 21:40:51,Clear
563,Meulaboh,4.14,96.13,76.01,83,100,4.23,ID,2020-10-18 21:40:51,Clouds
564,Hamilton,39.18,-84.53,60.01,67,90,12.75,US,2020-10-18 21:36:34,Clouds
565,Mitu,1.2,-70.17,82.0,74,89,2.75,CO,2020-10-18 21:40:52,Clouds
566,Saint-Augustin,51.23,-58.65,48.97,65,0,5.39,CA,2020-10-18 21:40:52,Clear
567,Kasane,-17.82,25.15,71.62,22,0,3.2,BW,2020-10-18 21:40:52,Clear
568,The Valley,18.22,-63.06,84.2,78,20,4.7,AI,2020-10-18 21:40:52,Clouds
569,Kulhudhuffushi,6.62,73.07,81.99,79,100,15.48,MV,2020-10-18 21:40:52,Clouds
570,Pozo Colorado,-23.49,-58.8,82.67,60,21,5.68,PY,2020-10-18 21:40:52,Clouds
571,Fairbanks,64.84,-147.72,19.99,62,90,4.7,US,2020-10-18 21:40:52,Clouds
572,Narrabri,-30.32,149.78,57.2,93,90,4.7,AU,2020-10-18 21:40:53,Clouds
573,Marrakesh,31.63,-8.01,71.6,46,75,3.36,MA,2020-10-18 21:40:53,Clouds
574,Rodos,36.44,28.22,75.2,83,20,3.36,GR,2020-10-18 21:40:53,Clouds
575,Massaguet,12.48,15.44,80.6,69,9,2.24,TD,2020-10-18 21:40:53,Clear
576,Pacifica,37.61,-122.49,82.4,37,20,9.17,US,2020-10-18 21:40:40,Clouds
577,Mareeba,-17.0,145.43,73.0,88,15,3.36,AU,2020-10-18 21:40:53,Clouds
578,Soyo,-6.13,12.37,77.31,85,99,7.7,AO,2020-10-18 21:40:53,Clouds
579,Babynino,54.39,35.73,37.4,86,90,8.95,RU,2020-10-18 21:40:54,Clouds
580,Haicheng,40.85,122.75,49.21,50,0,5.91,CN,2020-10-18 21:40:54,Clear
581,Ayolas,-27.4,-56.9,82.98,50,0,5.66,PY,2020-10-18 21:40:54,Clear
582,Stornoway,58.21,-6.39,46.4,87,100,9.17,GB,2020-10-18 21:40:54,Clouds
583,Tautira,-17.73,-149.15,84.2,70,40,17.22,PF,2020-10-18 21:40:54,Clouds
584,Liku,-0.73,119.89,75.58,78,91,2.33,ID,2020-10-18 21:40:54,Clouds
585,Borogontsy,62.67,131.17,12.6,96,93,5.01,RU,2020-10-18 21:40:54,Clouds
586,Steamboat Springs,40.48,-106.83,64.0,25,1,21.92,US,2020-10-18 21:38:48,Clear
587,Hit,33.64,42.83,70.61,31,0,5.46,IQ,2020-10-18 21:40:55,Clear
588,Northam,51.03,-4.22,48.99,87,85,1.01,GB,2020-10-18 21:40:55,Clouds
589,Pochutla,15.74,-96.47,90.0,59,20,9.17,MX,2020-10-18 21:40:55,Clouds
590,Ahuimanu,21.44,-157.84,84.2,66,75,5.82,US,2020-10-18 21:36:41,Clouds
591,Huilong,31.81,121.66,63.0,74,74,7.31,CN,2020-10-18 21:40:55,Clouds
592,Jatiroto,-7.88,111.12,74.57,86,84,3.2,ID,2020-10-18 21:40:55,Clouds
593,Menongue,-14.66,17.69,68.54,26,0,3.04,AO,2020-10-18 21:40:55,Clear
594,Pangnirtung,66.15,-65.71,34.68,84,100,14.56,CA,2020-10-18 21:40:55,Rain
595,Tanout,14.97,8.89,88.65,12,0,7.4,NE,2020-10-18 21:40:56,Clear
596,Shizunai,42.33,142.37,55.67,73,5,7.11,JP,2020-10-18 21:37:10,Clear
597,Namatanai,-3.67,152.43,83.66,65,0,4.56,PG,2020-10-18 21:40:56,Clear
598,Vagur,61.47,-6.81,40.53,89,100,7.4,FO,2020-10-18 21:40:56,Rain
599,Sargatskoye,55.61,73.5,29.91,95,22,7.81,RU,2020-10-18 21:40:56,Clouds
600,High Level,58.52,-117.14,24.8,62,75,3.36,CA,2020-10-18 21:40:56,Clouds
601,Mackay,-21.15,149.2,73.0,77,90,4.7,AU,2020-10-18 21:40:56,Clouds
602,Synya,65.37,58.04,28.02,98,100,3.62,RU,2020-10-18 21:40:57,Clouds
603,Grimshaw,56.18,-117.6,19.4,57,90,2.24,CA,2020-10-18 21:40:57,Snow
604,Santa Ana,33.75,-117.87,86.0,61,20,6.93,US,2020-10-18 21:37:22,Clouds
605,Topeka,39.05,-95.68,46.4,45,90,9.17,US,2020-10-18 21:41:18,Clouds
606,Shagonar,51.53,92.8,40.08,72,99,1.01,RU,2020-10-18 21:42:02,Rain
607,Matay,28.42,30.78,73.06,56,0,9.44,EG,2020-10-18 21:42:02,Clear
608,Ivanava,52.15,25.54,43.48,79,99,9.98,BY,2020-10-18 21:42:02,Rain
609,Jumla,29.27,82.18,50.49,63,1,4.83,NP,2020-10-18 21:42:03,Clear
610,Lang Suan,9.95,99.08,75.88,89,62,3.76,TH,2020-10-18 21:42:03,Rain
611,Kabrai,25.42,80.02,80.67,47,7,3.4,IN,2020-10-18 21:42:03,Clear
612,Kungurtug,50.6,97.52,29.91,83,97,1.74,RU,2020-10-18 21:42:03,Snow
613,Kutum,14.2,24.67,76.5,18,0,7.85,SD,2020-10-18 21:42:03,Clear
614,Barra Do Garcas,-15.89,-52.26,80.29,62,94,7.96,BR,2020-10-18 21:42:03,Rain
615,Kyabe,9.45,18.94,75.56,66,33,2.75,TD,2020-10-18 21:42:03,Clouds
616,Flin Flon,54.77,-101.86,32.0,90,90,10.29,CA,2020-10-18 21:42:04,Clouds
617,Sao Raimundo Das Mangabeiras,-7.02,-45.48,87.58,25,100,5.39,BR,2020-10-18 21:42:04,Clouds
618,Hunchun,42.87,130.36,38.16,75,0,2.59,CN,2020-10-18 21:42:04,Clear
619,Skeldon,5.88,-57.13,80.47,81,37,6.73,GY,2020-10-18 21:42:04,Clouds
620,Kerema,-7.96,145.78,78.39,86,99,4.25,PG,2020-10-18 21:42:04,Rain
621,Sokoni,-6.43,39.55,79.09,78,0,9.48,TZ,2020-10-18 21:42:04,Clear
622,Skelleftea,64.75,20.95,32.0,98,90,16.11,SE,2020-10-18 21:39:09,Snow
623,Bethlehem,-1.46,-48.5,80.6,74,40,9.17,BR,2020-10-18 21:38:02,Clouds
624,Daryapur,20.93,77.33,75.58,88,28,4.54,IN,2020-10-18 21:42:05,Clouds
625,Tabas,33.6,56.92,55.4,10,0,4.7,IR,2020-10-18 21:42:05,Clear
626,Bam,29.11,58.36,58.23,25,0,8.48,IR,2020-10-18 21:42:05,Clear
627,Kudahuvadhoo,2.67,72.89,82.2,78,46,14.52,MV,2020-10-18 21:42:05,Rain
628,Pa Sang,18.53,98.94,73.4,83,75,5.82,TH,2020-10-18 21:42:05,Clouds
629,Ekibastuz,51.67,75.37,34.25,82,26,4.27,KZ,2020-10-18 21:42:05,Clouds
630,Glendive,47.11,-104.71,32.0,58,75,10.29,US,2020-10-18 21:42:05,Clouds
631,Hirado,33.36,129.55,64.99,72,75,16.11,JP,2020-10-18 21:38:42,Clouds
632,Alugan,12.22,125.48,79.39,86,100,7.96,PH,2020-10-18 21:42:06,Clouds
633,Cordoba,-31.41,-64.18,98.01,26,0,24.16,AR,2020-10-18 21:40:15,Smoke
634,Trinidad,-14.83,-64.9,95.0,44,20,5.82,BO,2020-10-18 21:42:06,Clouds
635,Yerofey Pavlovich,53.97,121.97,22.64,92,97,2.01,RU,2020-10-18 21:42:06,Clouds
636,Uchkeken,43.94,42.51,48.2,70,23,8.95,RU,2020-10-18 21:42:06,Clouds
637,Healesville,-37.65,145.52,48.99,97,12,2.24,AU,2020-10-18 21:42:06,Clouds
638,Santa Rosa,14.31,121.11,78.8,88,20,4.7,PH,2020-10-18 21:42:07,Clouds
639,Zhangye,38.93,100.45,41.74,53,82,4.76,CN,2020-10-18 21:42:07,Clouds
640,Dongling,41.81,123.58,32.0,51,0,2.24,CN,2020-10-18 21:42:07,Clear
641,Inderka,53.25,46.26,45.52,86,39,7.05,RU,2020-10-18 21:42:07,Clouds
642,Oktyabrskiy,54.48,53.47,50.61,70,93,15.48,RU,2020-10-18 21:42:07,Clouds
643,Charters Towers,-20.1,146.27,72.5,63,0,10.54,AU,2020-10-18 21:42:07,Clear
644,Mlalo,-4.93,38.93,71.33,89,18,3.83,TZ,2020-10-18 21:42:08,Clouds
645,Mocajuba,-2.58,-49.51,78.87,79,84,4.36,BR,2020-10-18 21:37:46,Rain
646,Los Llanos De Aridane,28.66,-17.92,75.2,69,11,19.46,ES,2020-10-18 21:42:08,Clouds
647,Bubaque,11.28,-15.83,82.51,86,0,10.74,GW,2020-10-18 21:42:08,Clear
648,Myaundzha,63.05,147.19,8.24,88,99,3.83,RU,2020-10-18 21:42:08,Clouds
649,Ormara,25.21,64.64,80.35,27,60,14.05,PK,2020-10-18 21:42:08,Clouds
650,Okahandja,-21.98,16.92,78.8,27,0,3.36,NA,2020-10-18 21:42:08,Clear
651,San Vicente,-26.62,-54.13,76.82,48,60,2.53,AR,2020-10-18 21:42:08,Rain
652,Dali,25.7,100.18,58.08,89,99,3.65,CN,2020-10-18 21:43:14,Rain
653,Antofagasta,-23.65,-70.4,59.0,82,90,13.87,CL,2020-10-18 21:39:06,Clouds
654,Trebisov,48.63,21.72,42.8,93,68,3.36,SK,2020-10-18 21:43:14,Clouds
655,Amapa,1.0,-52.0,82.53,55,97,3.87,BR,2020-10-18 21:43:14,Clouds
656,Naron,43.52,-8.15,62.01,93,98,5.82,ES,2020-10-18 21:43:14,Clouds
657,Savinka,50.08,47.1,61.23,71,89,8.95,RU,2020-10-18 21:43:14,Clouds
658,Capreol,46.71,-80.92,39.99,93,90,8.05,CA,2020-10-18 21:43:14,Rain
659,Bilma,18.69,12.92,82.62,15,0,5.77,NE,2020-10-18 21:43:14,Clear
660,Chlorakas,34.8,32.41,66.2,48,0,5.82,CY,2020-10-18 21:43:14,Clear
661,Puerto Madryn,-42.77,-65.04,71.73,21,1,19.98,AR,2020-10-18 21:41:56,Clear
662,Sobolevo,54.43,31.9,41.4,87,100,13.33,RU,2020-10-18 21:43:15,Clouds
663,Machiques,10.06,-72.55,83.93,72,100,1.07,VE,2020-10-18 21:43:15,Rain
664,Ivanivka,46.72,34.55,59.02,59,88,6.55,UA,2020-10-18 21:43:15,Clouds
665,Kuusamo,65.97,29.18,33.8,96,90,6.93,FI,2020-10-18 21:43:15,Clouds
666,Kokopo,-4.35,152.26,80.67,80,18,3.67,PG,2020-10-18 21:43:15,Clouds
667,Ashqelon,31.67,34.57,75.2,73,40,4.7,IL,2020-10-18 21:43:15,Clouds
668,Arbagar,51.94,116.28,32.22,96,7,4.79,RU,2020-10-18 21:43:15,Clear
669,Kloulklubed,7.04,134.26,82.4,83,90,8.05,PW,2020-10-18 21:43:16,Rain
670,Vila,42.03,-8.16,63.0,52,100,1.99,PT,2020-10-18 21:43:16,Clouds
671,Susanville,40.42,-120.65,79.0,15,1,3.36,US,2020-10-18 21:38:37,Clear
672,Tigre,-34.43,-58.58,90.0,69,27,12.75,AR,2020-10-18 21:43:16,Clouds
673,Speightstown,13.25,-59.65,84.2,74,40,5.82,BB,2020-10-18 21:43:16,Clouds
674,Tucuman,-26.82,-65.22,104.0,26,0,25.28,AR,2020-10-18 21:43:16,Dust
675,Diego De Almagro,-26.37,-70.05,71.85,27,0,6.78,CL,2020-10-18 21:43:17,Clear
676,Xining,36.62,101.77,34.5,81,75,2.33,CN,2020-10-18 21:43:17,Clouds
677,Booue,-0.09,11.94,72.88,95,100,2.3,GA,2020-10-18 21:43:17,Rain
678,Atherton,53.52,-2.49,51.01,80,90,4.83,GB,2020-10-18 21:43:17,Clouds
679,Yibin,28.77,104.62,58.14,87,100,1.34,CN,2020-10-18 21:43:17,Rain
680,Kysyl-Syr,63.9,122.76,8.62,94,78,2.89,RU,2020-10-18 21:43:17,Clouds
681,Kenora,49.82,-94.43,28.4,63,90,10.29,CA,2020-10-18 21:40:01,Clouds
682,Uyuni,-20.46,-66.83,61.59,26,30,17.72,BO,2020-10-18 21:43:17,Clouds
683,Gari,59.43,62.35,32.18,98,100,12.53,RU,2020-10-18 21:43:18,Clouds
684,Ambulu,-8.35,113.61,75.04,88,75,3.91,ID,2020-10-18 21:43:18,Clouds
685,Majene,-3.54,118.97,77.81,82,99,6.08,ID,2020-10-18 21:43:18,Clouds
686,Sao Miguel Do Araguaia,-13.28,-50.16,82.56,52,66,5.3,BR,2020-10-18 21:40:20,Rain
687,Abu Samrah,35.3,37.18,63.1,53,61,5.19,SY,2020-10-18 21:43:18,Clouds
688,Letnyaya Stavka,45.43,43.45,61.79,74,31,11.77,RU,2020-10-18 21:43:18,Clouds
689,Beloha,-25.17,45.05,64.71,85,0,11.52,MG,2020-10-18 21:43:18,Clear
690,Barabash,43.2,131.48,26.6,92,0,2.24,RU,2020-10-18 21:43:19,Clear
691,Ondjiva,-17.07,15.73,76.39,18,0,7.02,AO,2020-10-18 21:43:19,Clear
692,Tukrah,32.53,20.58,71.01,77,100,13.53,LY,2020-10-18 21:43:19,Clouds
693,Bombay,19.01,72.85,82.4,83,40,3.36,IN,2020-10-18 21:42:18,Haze
